사업번호,사업명,문서_소관기관,소관기관_정규화,분야_정규화,부문_정규화,프로그램_정규화,회계기금_정규화,지원형태_정규화,예산2026_통합_백만원,예산2026_통합_억원,2026열1_라벨,2026열2_라벨,2026열1_백만원,2026열2_백만원,내역사업_건수,사업시행방법,사업시행주체
1,전산운영경비(정보화),감사원,감사원,일반·지방행정,일반행정,감사활동 및 행정지원,일반회계,직접,10300.0,103.0,요구안,본예산(B),14762.0,10300.0,4,직접수행,감사원
2,개인정보 안전활용 선도기술 개발(R&D),개인정보보호위원회,개인정보보호위원회,일반·지방행정,정부자원관리,개인정보보호 기반 데이터 활용 선도,일반회계,출연,6138.0,61.38,요구안,본예산(B),6138.0,6138.0,3,출연,"개인정보보호위원회, 한국인터넷진흥원"
3,신뢰기반의 AI 개인정보 보호·활용 기술개발(R&D),개인정보보호위원회,개인정보보호위원회,일반·지방행정,정부자원관리,개인정보보호 기반 데이터 활용 선도,일반회계,출연,2660.0,26.6,요구안,본예산(B),2660.0,2660.0,2,출연,"개인정보보호위원회, 한국인터넷진흥원"
4,안전한 데이터 활용 지원,개인정보보호위원회,개인정보보호위원회,일반·지방행정,정부자원관리,개인정보보호 기반 데이터 활용 선도,일반회계,출연,6456.0,64.56,요구안,본예산(B),6456.0,6456.0,3,출연,"개인정보보호위원회, 한국인터넷진흥원"
5,112시스템운영(정보화),경찰청,경찰청,공공질서 및 안전,경찰,범죄예방및치안상황대응강화,일반회계,직접,21372.0,213.72,요구,조정(B),20916.0,21372.0,1,직접수행,경찰청
6,경찰정보화기반고도화(정보화),경찰청,경찰청,공공질서 및 안전,경찰,치안인프라구축,일반회계,직접,78334.0,783.34,요구,조정(B),78334.0,78334.0,1,직접수행,경찰청
7,과학기술기반군중 밀집관리기술개 발(R&D),경찰청,경찰청,공공질서 및 안전,경찰,과학치안활성화,일반회계,출연,1976.0,19.76,조정(B),증감 (B-A),1976.0,,0,출연,"과학치안진흥센터 ※ 다부처 사업 - 경찰청(주), 행안부"
8,과학수사시스템구축(정보화),경찰청,경찰청,공공질서 및 안전,경찰,범죄수사활동,일반회계,직접,4126.0,41.26,요구,조정(B),4126.0,4126.0,1,직접수행,경찰청 형사국 과학수사심의관 (舊 과학수사관리관)
9,과학적범죄수사고도화 기술개발(R&D),경찰청,경찰청,공공질서 및 안전,경찰,과학치안활성화,일반회계,출연,3068.0,30.68,조정(B),증감 (B-A),3068.0,-1461.0,0,출연,과학치안진흥센터
10,불법마약류대응을위한 현장기술개발(R&D),경찰청,경찰청,공공질서 및 안전,경찰,과학치안활성화,일반회계,출연,4932.0,49.32,조정(B),증감 (B-A),4932.0,3432.0,0,출연,"과학치안진흥센터 ※ 다부처 사업 - 경찰청(주), 관세청, 과기정통부 ･ 내역 1 (불법마약류 대응을 위한 현장기술 개발) 경찰청･관세청 1:1 매칭 ･ 내역 2 (다크웹 및 가상자산 거래추적 연계 마약수사통합시스템 개발) 경찰청･과기정통부 1:1 매칭 ･ 내역 3 (다중어레이 복합센서 기반 마약탐지 및 은닉위치 추론 AI시스템) 경찰청 단독"
11,사이버범죄수사단서통합분석 및추론시스템개발(R&D),경찰청,경찰청,공공질서 및 안전,경찰,과학치안활성화,일반회계,출연,6136.0,61.36,조정(B),증감 (B-A),6136.0,2496.0,0,출연,과학치안진흥센터 / 경찰청(공통)
12,사이버수사지원기술개발 (R&D),경찰청,경찰청,공공질서 및 안전,경찰,과학치안활성화,일반회계,출연,8736.0,87.36,조정(B),증감 (B-A) (B-A)/A,8736.0,3432.0,0,출연,과학치안진흥센터 / 경찰청(공통)
13,차세대지능형순찰플랫폼개발 (R&D),경찰청,경찰청,공공질서 및 안전,경찰,과학치안활성화,일반회계,출연,3465.0,34.65,조정(B),증감 (B-A),3465.0,2773.0,0,출연,과학치안진흥센터 / 경찰청(공통)
14,치안데이터활용기술개발 (R&D),경찰청,경찰청,공공질서 및 안전,경찰,과학치안활성화,일반회계,출연,1560.0,15.6,조정(B),증감 (B-A),1560.0,1560.0,0,출연,과학치안진흥센터
15,형사･교통･여성청소년범죄 수사역량강화,경찰청,경찰청,공공질서 및 안전,경찰,범죄수사활동,일반회계,직접,19620.0,196.2,요구,조정(B),21570.0,19620.0,1,직접수행,경찰청
16,고용노동행정(정보화),고용노동부,고용노동부,사회복지,노동,고용노동행정지원,일반회계,직접,23739.0,237.39,확정(B),증감 (B-A) (B-A)/A,23739.0,2038.0,1,직접수행,고용노동부
17,내일배움카드(고보),고용노동부,고용노동부,사회복지,고용,직업능력개발,고용보험기금,직접,508979.0,5089.79,정부안,확정(B),508979.0,508979.0,3,직접수행,고용노동부(지방고용노동관서)
18,내일배움카드(일반),고용노동부,고용노동부,사회복지,고용,직업능력개발,일반회계,직접,627325.0,6273.25,정부안,확정(B),627325.0,627325.0,4,직접수행,고용노동부(지방고용노동관서)
19,노동위원회정보화운영(정보화),고용노동부,고용노동부,사회복지,고용노동일반,고용노동행정지원,일반회계,직접,2959.0,29.59,정부안,확정(B),5626.0,2959.0,1,직접수행,중앙노동위원회
20,디지털 기반의 고용서비스 인프라 지원(정보화),고용노동부,고용노동부,사회복지,고용,고용창출,일반회계,출연,7523.0,75.23,정부안,확정(B),7523.0,7523.0,3,출연,한국고용정보원
21,미래환경변화대응 산업안전보건 연구개발(R&D),고용노동부,고용노동부,사회복지,노동,산업재해예방,산업재해보상보험 및 예방기금,출연,1554.0,15.54,정부안,확정(B),1554.0,1554.0,1,출연,한국산업안전보건공단
22,사업주직업훈련지원금,고용노동부,고용노동부,사회복지,고용,직업능력개발,고용보험기금,"직접, 출연, 보조",249668.0,2496.68,정부안,확정(B),249668.0,249668.0,2,"직접수행, 보조, 출연",고용노동부(한국산업인력공단)
23,일자리정보플랫폼 기반 AI 고용서비스 지원(정보화),고용노동부,고용노동부,사회복지,고용,고용창출,일반회계,출연,11101.0,111.01,정부안,확정(B),9601.0,11101.0,4,출연,한국고용정보원
24,직업능력개발담당자양성 및 훈련매체개발,고용노동부,고용노동부,사회복지,고용,직업능력개발,일반회계,출연,82080.0,820.8,정부안,확정(B),78970.0,82080.0,3,출연,한국기술교육대학교
25,직업능력개발심사평가,고용노동부,고용노동부,사회복지,고용,직업능력개발,일반회계,직접,23024.0,230.24,정부안,확정(B),23024.0,23024.0,3,직접수행,고용노동부(한국기술대학교 직업능력심사평가원 위탁)
26,취약노동자지원,고용노동부,고용노동부,보건·복지·고용,노동,노사정책,일반회계,"직접, 출연, 보조",25345.0,253.45,정부안,확정(B),14795.0,25345.0,3,"직접수행, 보조 등",고용노동부 등
27,4대 지역외 AX 대전환 기획,과학기술정보통신부,과학기술정보통신부,통신,정보통신,지역경제활성화,일반회계,출연,2500.0,25.0,요구안,본예산(B),2500.0,2500.0,1,출연,정보통신산업진흥원
28,AGI 준비 프로젝트,과학기술정보통신부,과학기술정보통신부,통신,정보통신,인공지능데이터진흥,일반회계,출자,20000.0,200.0,요구안,본예산(B),20000.0,20000.0,1,출자,한국산업은행 경유출자 등을 통해 차세대 AI 연구조직 초기 투자
29,AI AGENT 선도 국가 사업,과학기술정보통신부,과학기술정보통신부,통신,정보통신,인공지능데이터진흥,일반회계,출연,20000.0,200.0,요구안,본예산(B),20000.0,20000.0,2,출연,"한국지능정보사회진흥원, 정보통신산업진흥원"
30,AI·공간컴퓨팅 창업 생태계 활성화,과학기술정보통신부,과학기술정보통신부,통신,정보통신,인공지능데이터진흥,일반회계,출연,1500.0,15.0,요구안,본예산(B),1500.0,1500.0,1,출연,정보통신산업진흥원
31,AI 기반 뇌발달질환 디지털의료기기 실증지원,과학기술정보통신부,과학기술정보통신부,통신,정보통신,인공지능데이터진흥,지역균형발전 특별회계,출연,5000.0,50.0,요구안,본예산(B),5000.0,5000.0,1,출연,정보통신산업진흥원
32,AI 기반 민군 유·무인복합체계 주파수 공동사용 및 운용 기술 개발,과학기술정보통신부,과학기술정보통신부,문화 및 관광,문화예술,정보통신방송기반조성,일반회계,출연,2800.0,28.0,요구안,본예산(B),2800.0,2800.0,1,출연,정보통신기획평가원(IITP)
33,AI 기반 주파수 간섭분석 및 전파 예측기술 개발,과학기술정보통신부,과학기술정보통신부,통신,방송통신,전파활용방송서비스산업,일반회계,"직접, 출연",3670.0,36.7,요구안,본예산(B),3070.0,3670.0,1,"직접수행, 출연","과학기술정보통신부 국립전파연구원, 정보통신기획평가원"
34,AI반도체실증지원,과학기술정보통신부,과학기술정보통신부,통신,정보통신,인공지능데이터진흥,일반회계,출연,113370.0,1133.7,요구안,본예산(B),102370.0,113370.0,2,출연,정보통신산업진흥원(NIPA)
35,AI반도체 지원플랫폼,과학기술정보통신부,과학기술정보통신부,통신,정보통신,인공지능데이터진흥,일반회계,출연,2250.0,22.5,요구안,본예산(B),2250.0,2250.0,1,출연,정보통신산업진흥원
36,AI 분야 오픈소스 생태계 조성,과학기술정보통신부,과학기술정보통신부,통신,정보통신,SW산업진흥,일반회계,출연,11000.0,110.0,요구안,본예산(B),11000.0,11000.0,1,출연,정보통신산업진흥원
37,A I 융합 OTT 글로벌 진출 확산 지원,과학기술정보통신부,과학기술정보통신부,통신,정보통신,인공지능테이터진흥,일반회계,보조,1200.0,12.0,요구안,본예산(B),,1200.0,1,민간경상보조,한국정보통신진흥협회
38,AI+S&T혁신기술개발(R&D),과학기술정보통신부,과학기술정보통신부,과학기술,과학기술 연구개발,미래유망원천기술개발,일반회계,출연,4500.0,45.0,요구안,본예산(B),4500.0,4500.0,1,출연,한국연구재단
39,AI-RAN 글로벌 선도 프로젝트(R&D),과학기술정보통신부,과학기술정보통신부,통신,정보통신,정보통신융합산업,일반회계,출연,9000.0,90.0,요구안,본예산(B),9000.0,9000.0,1,출연,정보통신기획평가원
40,AI-네이티브 첨단바이오 자율실험실(R&D),과학기술정보통신부,과학기술정보통신부,과학기술,과학기술 연구개발,미래유망원천기술개발,일반회계,출연,13500.0,135.0,요구안,본예산(B),13500.0,13500.0,1,출연,한국연구재단
41,AIxBio 혁신 연구거점 조성 시범사업(R&D),과학기술정보통신부,과학기술정보통신부,과학기술,과학기술 연구개발,미래유망원천기술개발,일반회계,출연,10200.0,102.0,요구안,본예산(B),10200.0,10200.0,1,출연,한국연구재단
42,AI·SW중심대학,과학기술정보통신부,과학기술정보통신부,통신,정보통신,SW산업진흥,고등·평생교육 지원특별회계,출연,117960.0,1179.6,요구안,본예산(B),117960.0,117960.0,2,출연,정보통신기획평가원(IITP)
43,AI·블록체인융합기반자율형 고신뢰핵심기술개발(R&D),과학기술정보통신부,과학기술정보통신부,통신,정보통신,인터넷융합산업,일반회계,출연,3246.0,32.46,요구안,본예산(B),2000.0,3246.0,1,출연,정보통신기획평가원
44,AI기반개방형자율디지털트윈핵심 기술개발(R&D),과학기술정보통신부,과학기술정보통신부,통신,정보통신,인터넷융합산업,일반회계,출연,6600.0,66.0,요구안,본예산(B),6600.0,6600.0,1,출연,정보통신기획평가원
45,AI기반 맞춤형 케어서비스 융합선도,과학기술정보통신부,과학기술정보통신부,통신,정보통신,인공지능데이터진흥,일반회계,출연,3000.0,30.0,요구안,본예산(B),3000.0,3000.0,1,출연,정보통신기획평가원
46,AI기반안전관리분야 디지털트윈선도,과학기술정보통신부,과학기술정보통신부,기타,공공질서·안전,인터넷융합사업,일반회계,출연,6000.0,60.0,요구안,본예산(B),6000.0,6000.0,1,출연,한국지능정보사회진흥원
47,AI기반 어장 공간정보 빅데이터 플랫폼 구축 및 활용,과학기술정보통신부,과학기술정보통신부,산업·중소기업 및 에너지,산업혁신 지원,지역경제활성화,지역균형발전 특별회계,출연,2385.0,23.85,요구안,본예산(B),2385.0,2385.0,1,출연,정보통신사업진흥원
48,AI 기반 침해대응체계 구축,과학기술정보통신부,과학기술정보통신부,통신,정보통신,정보보호및활용,일반회계,출연,15000.0,150.0,요구안,본예산(B),15000.0,15000.0,1,출연,한국인터넷진흥원
49,AI기반가상융합산업육성,과학기술정보통신부,과학기술정보통신부,통신,정보통신,인공지능데이터진흥,방송통신 발전기금,출연,4500.0,45.0,요구안,본예산(B),4500.0,4500.0,1,출연,정보통신산업진흥원
50,AI기반 개방형 5G-A 융합서비스 테스트베드 구축운영(R&D),과학기술정보통신부,과학기술정보통신부,통신,정보통신,정보통신융합산업,일반회계,출연,7000.0,70.0,요구안,본예산(B),7000.0,7000.0,1,출연,"(전문기관) 정보통신기획평가원, (주관기관) 한국지능정보사회진흥원"
51,AI기반디지털가상핵융합플랫 폼개발(R&D),과학기술정보통신부,과학기술정보통신부,과학기술,과학기술 연구개발,미래유망원천기술개발,일반회계,출연,4500.0,45.0,요구안,본예산(B),4500.0,4500.0,1,출연,"과학기술정보통신부, 한국연구재단"
52,AI반도체기반데이터센터 고도화선도기술개발(R&D),과학기술정보통신부,과학기술정보통신부,통신,정보통신,인공지능데이터진흥,일반회계,출연,8362.0,83.62,요구안,본예산(B),8362.0,8362.0,1,출연,정보통신기획평가원
53,AI반도체를 활용한 K-클라우드 기술개발(R&D),과학기술정보통신부,과학기술정보통신부,통신,정보통신,인공지능데이터진흥,일반회계,출자,60751.0,607.51,요구안,본예산(B),60751.0,60751.0,1,출연,정보통신기획평가원
54,AI반도체첨단이종집적 기술개발(R&D),과학기술정보통신부,과학기술정보통신부,통신,정보통신,정보통신융합산업,정보통신 진흥기금,출연,7342.0,73.42,요구안,본예산(B),7342.0,7342.0,1,출연,정보통신기획평가원
55,AI산업육성,과학기술정보통신부,과학기술정보통신부,통신,정보통신,인공지능데이터진흥,정보통신 진흥기금,출연,21855.0,218.55,요구안,조정안(B),21855.0,21855.0,1,출연,과학기술정보통신부(정보통신산업진흥원)
56,AI생태계보안내재화 핵심기술개발(R&D),과학기술정보통신부,과학기술정보통신부,통신,정보통신,정보보호및활용,일반회계,출연,3600.0,36.0,요구안,본예산(B),3600.0,3600.0,1,출연,정보통신기획평가원
57,AI선박 특화 플랫폼 및 애플리케이션 개발·실증,과학기술정보통신부,과학기술정보통신부,통신,정보통신,지역경제활성화,정보통신 진흥기금,출연,5000.0,50.0,요구안,본예산(B),5000.0,5000.0,1,출연(국비:지방비=2:1매칭),정보통신산업진흥원
58,AI연구용 컴퓨팅 지원 프로젝트(R&D),과학기술정보통신부,과학기술정보통신부,통신,정보통신,인공지능데이터진흥,일반회계,출연,16000.0,160.0,요구안,본예산(B),16000.0,16000.0,1,출연,정보통신기획평가원(IITP)
59,AI융합 지능형 농업 생태계 구축,과학기술정보통신부,과학기술정보통신부,통신,정보통신,인공지능데이터진흥,지역균형발전 특별회계,출연,4207.0,42.07,요구안,본예산(B),4207.0,4207.0,1,출연,정보통신산업진흥원
60,AI응용제품신속상용화지원사업 (보안·네트워크·생활 등),과학기술정보통신부,과학기술정보통신부,통신,정보통신,정보통신융합산업,일반회계,출연,40500.0,405.0,요구안,본예산(B),60000.0,40500.0,3,출연,"정보통신산업진흥원, 한국지능정보사회진흥원, 한국인터넷진흥원"
61,AI일상화 확산,과학기술정보통신부,과학기술정보통신부,통신,정보통신,인공지능데이터진흥,일반회계,출연,8296.0,82.96,요구안,본예산(B),8296.0,8296.0,3,출연,정보통신산업진흥원
62,AI정밀의료SW선도기반조성,과학기술정보통신부,과학기술정보통신부,통신,정보통신,SW산업진흥,일반회계,출연,12650.0,126.5,요구안,본예산(B),11950.0,12650.0,1,출연,정보통신산업진흥원
63,AI최고급신진연구자지원,과학기술정보통신부,과학기술정보통신부,통신,정보통신,SW산업진흥,일반회계,출연,34000.0,340.0,요구안,본예산(B),34000.0,34000.0,1,출연,정보통신기획평가원
64,AI컴퓨팅자원활용기반강화,과학기술정보통신부,과학기술정보통신부,통신,정보통신,인공지능데이터진흥,일반회계,출연,2108725.0,21087.25,요구안,본예산(B),2108725.0,2108725.0,3,출연,"정보통신산업진흥원, 한국지능정보사회진흥원"
65,AI 클라우드 경쟁력강화 기술개발(R&D),과학기술정보통신부,과학기술정보통신부,통신,정보통신,인공지능데이터진흥,일반회계,출연,6000.0,60.0,요구안,본예산(B),6000.0,6000.0,1,출연 (총사업비(국비)의 100%이내 정부매칭),정보통신기획평가원(전담기관)
66,AI통합바우처,과학기술정보통신부,과학기술정보통신부,통신,정보통신,인공지능데이터진흥,정보통신 진흥기금,"출연, 보조",89775.0,897.75,요구안,본예산(B),89775.0,89775.0,5,"출연, 보조","정보통신산업진흥원, 한국데이터산업진흥원"
67,A I혁신을 위한 데이터안전활용 지원,과학기술정보통신부,과학기술정보통신부,통신,정보통신,인공지능데이터진흥,일반회계,출연,5000.0,50.0,요구안,본예산(B),5000.0,5000.0,1,출연,한국지능정보사회진흥원
68,AI 활용 미인증 기자재 온라인 모니터링 시스템 구축,과학기술정보통신부,과학기술정보통신부,통신,방송통신,전파활용방송서비스산업,일반회계,직접,76.0,0.76,요구안,본예산(B),76.0,76.0,1,직접수행,과학기술정보통신부 중앙전파관리소
69,AX혁신기업창의기술개발(R&D),과학기술정보통신부,과학기술정보통신부,통신,정보통신,정보통신융합산업,일반회계,출연,7500.0,75.0,요구안,본예산(B),7500.0,7500.0,1,출연,정보통신기획평가원
70,AX실증밸리조성(R&D),과학기술정보통신부,과학기술정보통신부,통신,정보통신,인공지능데이터진흥,지역균형발전 특별회계,출연,22623.0,226.23,요구안,본예산(B),16967.0,22623.0,1,출연,정보통신산업진흥원
71,ICT 전략융합 R&D 바우처 지원(R&D),과학기술정보통신부,과학기술정보통신부,통신,정보통신,정보통신융합산업,일반회계,출연,6900.0,69.0,요구안,조정안(B),6900.0,6900.0,1,출연,정보통신기획평가원
72,ICT기반 디지털서비스 탄소중립 혁신기술개발(R&D),과학기술정보통신부,과학기술정보통신부,통신,정보통신,정보통신융합산업,일반회계,출연,5625.0,56.25,요구안,조정안(B),5625.0,5625.0,1,출연,정보통신기획평가원
73,ICT융합 지능 디바이스 개발 활성화 및 확산 기반구축(R&D),과학기술정보통신부,과학기술정보통신부,통신,정보통신,정보통신융합산업,일반회계,출연,4000.0,40.0,요구안,본예산(B),4000.0,4000.0,1,출연,정보통신기획평가원
74,K-AI 네트워크 경쟁력 강화,과학기술정보통신부,과학기술정보통신부,통신,정보통신,통신정책지원,일반회계,출연,2500.0,25.0,요구안,본예산(B),,2500.0,1,출연,한국지능정보사회진흥원
75,K-Health 국민의료 AI서비스 및 산업생태계 구축,과학기술정보통신부,과학기술정보통신부,통신,정보통신,인공지능데이터진흥,지역균형발전 특별회계,출연,6600.0,66.0,요구안,본예산(B),3600.0,6600.0,1,출연,정보통신산업진흥원
76,PIM인공지능반도체 핵심기술개발(설계),과학기술정보통신부,과학기술정보통신부,통신,정보통신,인공지능데이터진흥,일반회계,출연,27014.0,270.14,요구안,본예산(B),27014.0,27014.0,1,출연,정보통신기획평가원
77,SW컴퓨팅산업원천기술개발,과학기술정보통신부,과학기술정보통신부,통신,정보통신,SW산업진흥,정보통신 진흥기금,출연,77201.0,772.01,요구안,본예산(B),77201.0,77201.0,5,출연 (총사업비의 3/4이내 정부매칭),정보통신기획평가원(전담기관)
78,World Best LLM 데이터 활용 지원,과학기술정보통신부,과학기술정보통신부,통신,정보통신,인공지능데이터진흥,일반회계,출연,30000.0,300.0,요구안,본예산(B),30000.0,30000.0,1,출연,한국지능정보사회진흥원(NIA)
79,가상융합기반피지컬AI 핵심기술개발(R&D),과학기술정보통신부,과학기술정보통신부,통신,정보통신,인공지능데이터진흥,일반회계,출연,5063.0,50.63,요구안,본예산(B),5063.0,5063.0,1,"직접수행, 보조, 융자, 출연, 출자 등",사업 시행 기관명 적시
80,가상융합지능화핵심기술개발 (R&D),과학기술정보통신부,과학기술정보통신부,통신,정보통신,인공지능데이터진흥,일반회계,출연,10000.0,100.0,요구안,본예산(B),10000.0,10000.0,1,출연(총사업비의 3/4이내 정부매칭),정보통신기획평가원(IITP)
81,강원 의료 AX 산업 실증 허브 조성,과학기술정보통신부,과학기술정보통신부,과학기술,과학기술 연구지원,인공지능데이터진흥,지역균형발전 특별회계,출연,2000.0,20.0,요구안,본예산(B),2000.0,2000.0,1,출연,정보통신산업진흥원
82,거대인공신경망인공지능 반도체SW기술개발(R&D),과학기술정보통신부,과학기술정보통신부,통신,정보통신,인공지능데이터진흥,일반회계,출연,4800.0,48.0,요구안,본예산(B),4800.0,4800.0,1,출연,정보통신기획평가원
83,건전정보문화조성,과학기술정보통신부,과학기술정보통신부,일반·지방행정,정부자원관리,국가사회정보화,일반회계,출연,10157.0,101.57,요구안,본예산(B),10157.0,10157.0,4,출연,"한국지능정보사회진흥원, 한국인터넷진흥원"
84,경량·저전력AI한계극복기술 개발(R&D),과학기술정보통신부,과학기술정보통신부,통신,정보통신,인공지능데이터진흥,일반회계,출연,9000.0,90.0,요구안,본예산(B),9000.0,9000.0,1,출연,한국연구재단 부설 정보통신기획평가원
85,경쟁형 AI 혁신인재 성장 지원,과학기술정보통신부,과학기술정보통신부,통신,정보통신,SW산업진흥,일반회계,출연,13000.0,130.0,요구안,본예산(B),13000.0,13000.0,1,출연,정보통신산업진흥원
86,고성능 AI(Hyper-AI) 네트워크 기반조성 사업,과학기술정보통신부,과학기술정보통신부,통신,정보통신,통신정책지원,일반회계,출연,8300.0,83.0,요구안,본예산(B),8300.0,8300.0,1,출연,한국지능정보사회진흥원(NIA)
87,공공AX 프로젝트,과학기술정보통신부,과학기술정보통신부,통신,정보통신,인공지능데이터진흥,일반회계,출연,60000.0,600.0,요구안,본예산(B),60000.0,60000.0,1,출연,과학기술정보통신부(정보통신산업진흥원)
88,공공행정서비스혁신기술개발(R&D),과학기술정보통신부,과학기술정보통신부,과학기술,과학기술 연구개발,사회문제해결,일반회계,출연,9804.0,98.04,요구안,본예산(B),11054.0,9804.0,1,출연,"한국연구재단, 과학치안진흥센터"
89,공존가능한 신뢰 AI를 위한 AI Safety 기술개발,과학기술정보통신부,과학기술정보통신부,통신,정보통신,인공지능데이터진흥,일반회계,출연,7950.0,79.5,요구안,본예산(B),7950.0,7950.0,1,출연,정보통신기획평가원
90,과학기술혁신인재양성(R&D),과학기술정보통신부,과학기술정보통신부,과학기술,과학기술 인력 및 문화,과학기술인력양성,일반회계,출연,76881.0,768.81,요구안,본예산(B),76881.0,76881.0,3,출연,"한국연구재단, 과학기술일자리진흥원/대학(원), 센터, 연구기관, 출연(연) 등"
91,과학기술혁신정책지원(R&D),과학기술정보통신부,과학기술정보통신부,과학기술,과학기술 연구지원,과학기술혁신지원,일반회계,출연,8936.0,89.36,요구안,본예산(B),9139.0,8936.0,1,출연(100%),한국과학기술기획평가원
92,광주 AI 실증도시 실현(기본계획 수립 용역비),과학기술정보통신부,과학기술정보통신부,통신,정보통신,인공지능데이터진흥,지역균형발전 특별회계,출연,500.0,5.0,요구안,본예산(B),,500.0,1,출연,정보통신산업진흥원(NIPA)
93,광주과학기술원 연구운영비 지원(R&D),과학기술정보통신부,과학기술정보통신부,과학기술,과학기술 연구지원,출연연구 기관지원,일반회계,출연,120610.0,1206.1,요구안,본예산(B),117461.0,120610.0,1,출연,광주과학기술원
94,국가 AI데이터센터 고도화,과학기술정보통신부,과학기술정보통신부,통신,정보통신,인공지능데이터진흥,지역균형발전 특별회계,출연,19151.0,191.51,요구안,본예산(B),,19151.0,1,출연,정보통신산업진흥원(NIPA)
95,국가 NPU전용 컴퓨팅센터 광주 설립(설계비),과학기술정보통신부,과학기술정보통신부,통신,정보통신,인공지능데이터진흥,지역균형발전 특별회계,출연,600.0,6.0,요구안,본예산(B),600.0,600.0,1,출연,정보통신산업진흥원
96,국가 데이터 인프라 기반 데이터 혁신(Data-X) 지원,과학기술정보통신부,과학기술정보통신부,통신,정보통신,인공지능데이터진흥,일반회계,출연,7000.0,70.0,요구안,본예산(B),7000.0,7000.0,1,출연,한국지능정보사회진흥원
97,국가 플래그십 초고성능컴퓨팅 인프라 고도화(R&D),과학기술정보통신부,과학기술정보통신부,과학기술,과학기술 연구개발,미래유망원천기술개발,일반회계,출연,68431.0,684.31,요구안,본예산(B),68431.0,68431.0,1,출연,한국연구재단
98,국가과학기술연구회 연구운영비 지원(R&D),과학기술정보통신부,과학기술정보통신부,과학기술,과학기술 연구지원,출연연구 기관지원,일반회계,출연,360849.0,3608.49,요구안,본예산(B),370614.0,360849.0,1,"출연, 직접수행",국가과학기술연구회
99,국가수리과학연구소 연구운영비 지원(R&D),과학기술정보통신부,과학기술정보통신부,과학기술,과학기술 연구지원,출연연구 기관지원,일반회계,출연,13216.0,132.16,요구안,본예산(B),13216.0,13216.0,1,출연,국가수리과학연구소
100,국가지식정보 연계 및 활용 촉진(정보화),과학기술정보통신부,과학기술정보통신부,통신,정보통신,인터넷융합산업,일반회계,출연,3300.0,33.0,요구안,본예산(B),3300.0,3300.0,1,출연,한국지능정보사회진흥원
101,국방인공지능핵심기술개발(R&D),과학기술정보통신부,과학기술정보통신부,통신,정보통신,인공지능데이터진흥,일반회계,출연,2926.0,29.26,요구안,본예산(B),2926.0,2926.0,1,출연,정보통신기획평가원
102,국산 AI반도체 기반 마이크로 데이터센터 확산,과학기술정보통신부,과학기술정보통신부,통신,정보통신,인공지능데이터진흥,일반회계,출연,7000.0,70.0,요구안,본예산(B),7000.0,7000.0,4,출연,정보통신기획평가원
103,국산 NPU 기반 AI CCTV 전환,과학기술정보통신부,과학기술정보통신부,통신,정보통신,인터넷융합산업,일반회계,출연,10000.0,100.0,요구안,본예산(B),10000.0,10000.0,1,출연,한국지능정보사회진흥원
104,글로벌제조융합SW개발및실증(R&D),과학기술정보통신부,과학기술정보통신부,산업·중소기업 및 에너지,산업혁신 지원,지역경제활성화,지역균형발전 특별회계,출연,13500.0,135.0,요구안,본예산(B),13500.0,13500.0,1,출연,정보통신기획평가원
105,나노․소재기술개발(R&D),과학기술정보통신부,과학기술정보통신부,과학기술,과학기술 연구개발,미래유망원천기술개발,소재부품장비 경쟁력강화 특별회계,출연,330746.0,3307.46,요구안,본예산(B),330746.0,330746.0,1,출연,한국연구재단
106,대구경북과학기술원 시설 지원(R&D),과학기술정보통신부,과학기술정보통신부,과학기술,과학기술 연구지원,출연연구 기관지원,일반회계,출연,11707.0,117.07,요구안,본예산(B),10742.0,11707.0,1,출연,대구경북과학기술원
107,대구경북과학기술원 연구운영비 지원(R&D),과학기술정보통신부,과학기술정보통신부,과학기술,과학기술 연구지원,출연연구 기관지원,일반회계,출연,116367.0,1163.67,요구안,본예산(B),115367.0,116367.0,1,출연,대구경북과학기술원
108,대학디지털교육역량강화,과학기술정보통신부,과학기술정보통신부,통신,정보통신,SW산업진흥,정보통신 진흥기금,출연,12031.0,120.31,요구안,본예산(B),120310.0,12031.0,2,출연,정보통신기획평가원(IITP)
109,데이터 활용 의료·건강 생태계조성,과학기술정보통신부,과학기술정보통신부,통신,정보통신,인공지능데이터진흥,지역균형발전 특별회계,출연,5000.0,50.0,요구안,본예산(B),5000.0,5000.0,1,출연,정보통신산업진흥원
110,데이터 활용확산 정책지원,과학기술정보통신부,과학기술정보통신부,통신,정보통신,인공지능데이터진흥,정보통신 진흥기금,보조,1277.0,12.77,요구안,본예산(B),1277.0,1277.0,2,"보조, 위탁","한국데이터산업진흥원(보조·민간위탁), 한국데이터산업협회(민간위탁)"
111,데이터경제인프라구축,과학기술정보통신부,과학기술정보통신부,통신,정보통신,인공지능데이터진흥,정보통신 진흥기금,"직접, 출연, 보조",33511.0,335.11,요구안,본예산(B),33511.0,33511.0,4,"직접수행, 출연, 보조","과학기술정보통신부(직접), 한국지능정보사회진흥원(출연), 한국데이터산업진흥원(보조)"
112,데이터기반산업경쟁력강화,과학기술정보통신부,과학기술정보통신부,통신,정보통신,인공지능데이터진흥,방송통신 발전기금,"출연, 보조",10399.0,103.99,요구안,본예산(B),10399.0,10399.0,2,"보조, 출연","한국데이터산업진흥원, 한국지능정보사회진흥원, 한국인터넷진흥원"
113,데이터센터 네트워크 인프라 기술 선도사업(R&D),과학기술정보통신부,과학기술정보통신부,통신,정보통신,정보통신융합산업,일반회계,출연,7000.0,70.0,요구안,본예산(B),7000.0,7000.0,1,출연,정보통신기획평가원
114,동남권원자력의학원 연구운영비 지원(R&D),과학기술정보통신부,과학기술정보통신부,과학기술,과학기술 연구지원,출연연구 기관지원,일반회계,출연,19921.0,199.21,요구안,본예산(B),19921.0,19921.0,1,출연,동남권원자력의학원
115,동대구벤처밸리 AI 테크포트,과학기술정보통신부,과학기술정보통신부,통신,정보통신,인공지능데이터진흥,지역균형발전 특별회계,출연,3000.0,30.0,요구안,본예산(B),3000.0,3000.0,1,출연,한국지능정보사회진흥원
116,디지털 AI세포 구축(R&D),과학기술정보통신부,과학기술정보통신부,과학기술,과학기술 연구개발,미래유망원천기술개발,일반회계,출연,3750.0,37.5,정부안,확정(B),3750.0,3750.0,1,출연,과학기술정보통신부(전문기관: 한국연구재단)
117,디지털 질서 기반 구축 및 글로벌 확산 지원,과학기술정보통신부,과학기술정보통신부,통신,정보통신,인터넷융합산업,일반회계,출연,27643.0,276.43,정부안,확정(B),26993.0,27643.0,3,출연 100%,"한국지능정보사회진흥원, 정보통신정책연구원, 정보통신산업진흥원, 한국전자통신연구원, 정보통신기획평가원, 소프트웨어정책연구원,"
118,디지털 혁신 기술 기반 K-CareNetwork,과학기술정보통신부,과학기술정보통신부,통신,정보통신,인공지능데이터진흥,일반회계,출연,5600.0,56.0,요구안,본예산(B),5600.0,5600.0,1,출연,정보통신산업진흥원
119,디지털미디어이노베이션 기술개발(R&D),과학기술정보통신부,과학기술정보통신부,문화 및 관광,문화예술,콘텐츠방송산업육성,일반회계,출연,7240.0,72.4,요구안,본예산(B),7240.0,7240.0,1,출연,정보통신기획평가원
120,디지털배움터(세종),과학기술정보통신부,과학기술정보통신부,일반·지방행정,정부자원관리,국가사회정보화,지역균형발전 특별회계,보조,816.0,8.16,요구안,본예산(B),816.0,816.0,1,자치단체 경상보조,세종특별자치시
121,디지털배움터(자율),과학기술정보통신부,과학기술정보통신부,일반·지방행정,정부자원관리,국가사회정보화,지역균형발전 특별회계,보조,38121.0,381.21,요구안,본예산(B),38121.0,38121.0,1,자치단체 경상보조,"15개 광역시·도(세종, 제주 제외)"
122,디지털배움터(제주),과학기술정보통신부,과학기술정보통신부,일반·지방행정,정부자원관리,국가사회정보화,지역균형발전 특별회계,보조,2169.0,21.69,요구안,본예산(B),2169.0,2169.0,1,자치단체 경상보조,제주특별자치도
123,디지털분야글로벌인재양성(R&D),과학기술정보통신부,과학기술정보통신부,통신,정보통신,정보통신융합산업,정보통신 진흥기금,출연,12000.0,120.0,요구안,본예산(B),12000.0,12000.0,1,출연,정보통신기획평가원
124,디지털선도기술핵심인재양성,과학기술정보통신부,과학기술정보통신부,통신,정보통신,정보통신융합산업,고등·평생교육 지원특별회계,출연,59529.0,595.29,요구안,본예산(B),58206.0,59529.0,1,출연,"(전문기관) 정보통신기획평가원, (주관연구개발기관) 대학(원) 등"
125,디지털역량강화교육,과학기술정보통신부,과학기술정보통신부,일반·지방행정,정부자원관리,국가사회정보화,지역균형발전 특별회계,"출연, 보조",14102.0,141.02,요구안,본예산(B),14102.0,14102.0,2,"출연, 자치단체 경상보조","(출연) 한국지능정보사회진흥원, 한국과학창의재단, (자치단체 경상보조) 광역지자체"
126,디지털전문·융합인재양성,과학기술정보통신부,과학기술정보통신부,통신,정보통신,SW산업진흥,정보통신 진흥기금,출연,91188.0,911.88,요구안,본예산(B),91188.0,91188.0,3,출연,정보통신기획평가원(IITP)·정보통신산업진흥원(NIPA)
127,디지털트윈 융합 의료혁신 선도사업,과학기술정보통신부,과학기술정보통신부,통신,정보통신,인터넷융합산업,지역균형발전 특별회계,출연,2400.0,24.0,요구안,본예산(B),2400.0,2400.0,1,출연,정보통신산업진흥원
128,디지털헬스케어기반 AI 융합혁신 센터 구축,과학기술정보통신부,과학기술정보통신부,통신,정보통신,SW산업진흥,지역균형발전 특별회계,출연,3500.0,35.0,요구안,본예산(B),3500.0,3500.0,1,출연,첨단의료건강산업특구 관할 지자체 및 지역SW산업진흥원
129,디지털혁신기술 국제공동연구(R&D),과학기술정보통신부,과학기술정보통신부,통신,정보통신,정보통신융합산업,일반회계,출연,9751.0,97.51,요구안,본예산(B),9751.0,9751.0,1,출연,정보통신기획평가원
130,미래디지털인재양성및저변확대,과학기술정보통신부,과학기술정보통신부,통신,정보통신,SW산업진흥,정보통신 진흥기금,출연,23924.0,239.24,요구안,본예산(B),21524.0,23924.0,1,출연,"한국과학창의재단, 정보통신기획평가원, 한국지능정보사회진흥원"
131,민관협력 기반 AI 휴머노이드 원천기술 고도화(R&D),과학기술정보통신부,과학기술정보통신부,과학기술,과학기술 연구개발,미래유망원천기술개발,일반회계,출연,6400.0,64.0,요구안,본예산(B),6400.0,6400.0,1,출연,한국연구재단
132,바이오·의료기술개발,과학기술정보통신부,과학기술정보통신부,과학기술,과학기술 연구개발,미래유망원천기술개발,일반회계,출연,442976.0,4429.76,요구안,본예산(B),434276.0,442976.0,1,전액 국고 출연,"한국연구재단, 한국보건산업진흥원"
133,반도체원천기술개발사업 (R&D),과학기술정보통신부,과학기술정보통신부,과학기술,과학기술 연구개발,미래유망원천기술개발,일반회계,출연,68808.0,688.08,요구안,본예산(B),68808.0,68808.0,1,출연,"한국연구재단, 나노종합기술원"
134,범정부 인공지능 공통기반 구현(정보화),과학기술정보통신부,과학기술정보통신부,일반·지방행정,정부자원관리,국가사회정보화,일반회계,출연,14558.0,145.58,요구안,본예산(B),14558.0,14558.0,1,출연,"과학기술정보통신부, 한국지능정보사회진흥원"
135,복합지능 자율행동체 SW 핵심기술개발(R&D),과학기술정보통신부,과학기술정보통신부,통신,정보통신,정보통신산업융합,일반회계,출연,7333.0,73.33,요구안,본예산(B),7333.0,7333.0,1,출연,정보통신기획평가원
136,불법 마약류 대응을 위한 현장기술 개발(R&D),과학기술정보통신부,과학기술정보통신부,과학기술,과학기술 연구개발,사회문제해결,일반회계,출연,1872.0,18.72,요구안,본예산(B),1872.0,1872.0,1,출연,"(재)과학치안진흥센터 ※ 다부처 사업 - 경찰청(주), 과기정통부"
137,빅데이터 기반 생활전자파 예측 기술개발(R&D),과학기술정보통신부,과학기술정보통신부,통신,방송통신,전파활용방송서비스산업,일반회계,"직접, 출연",1600.0,16.0,요구안,본예산(B),1600.0,1600.0,1,"직접수행, 출연","과학기술정보통신부 국립전파연구원, 정보통신기획평가원"
138,사람중심인공지능핵심 원천기술개발(R&D),과학기술정보통신부,과학기술정보통신부,통신,정보통신,인공지능데이터진흥,일반회계,출연,42860.0,428.6,요구안,본예산(B),42860.0,42860.0,1,출연,한국연구재단 부설 정보통신기획평가원
139,생성AI선도인재양성,과학기술정보통신부,과학기술정보통신부,통신,정보통신,SW산업진흥,일반회계,미상,27000.0,270.0,요구안,본예산(B),27000.0,27000.0,1,출연,정보통신기획평가원
140,생체노화 리프로그래밍 원천기술 개발,과학기술정보통신부,과학기술정보통신부,과학기술,과학기술 연구개발,미래유망원천기술개발,일반회계,출연,7500.0,75.0,요구안,본예산(B),7500.0,7500.0,1,출연,과제별 상이
141,세계김치연구소 연구운영비 지원(R&D),과학기술정보통신부,과학기술정보통신부,과학기술,과학기술 연구지원,출연연구 기관지원,일반회계,출연,20785.0,207.85,요구안,본예산(B),19985.0,20785.0,1,"출연, 직접수행",세계김치연구소
142,소프트웨어인재키움,과학기술정보통신부,과학기술정보통신부,통신,정보통신,SW산업진흥,지역균형발전 특별회계,미상,3328.0,33.28,요구안,본예산(B),1228.0,3328.0,1,출연,정보통신산업진흥원
143,스마트 엣지 디바이스 기술개발(R&D),과학기술정보통신부,과학기술정보통신부,통신,정보통신,정보통신융합산업,일반회계,출연,760.0,7.6,요구안,본예산(B),760.0,760.0,1,출연,정보통신기획평가원
144,스마트물류 기술 실증화,과학기술정보통신부,과학기술정보통신부,산업·중소기업 및 에너지,산업혁신 지원,지역경제활성화,지역균형발전 특별회계,출연,2160.0,21.6,요구안,본예산(B),2160.0,2160.0,1,출연,정보통신사업진흥원
145,스마트빌리지 보급 및 확산,과학기술정보통신부,과학기술정보통신부,통신,정보통신,인터넷융합산업,지역균형발전 특별회계,보조,2746.0,27.46,요구안,본예산(B),2600.0,2746.0,1,보조,세종특별자치시
146,스마트빌리지 보급 및 확산,과학기술정보통신부,과학기술정보통신부,통신,정보통신,인터넷융합산업,지역균형발전 특별회계,보조,82546.0,825.46,요구안,본예산(B),81516.0,82546.0,1,보조,"15개 광역 시·도(제주, 세종 제외)"
147,스마트팜 다부처 패키지 혁신기술개발(R&D),과학기술정보통신부,과학기술정보통신부,과학기술,과학기술 연구개발,미래유망원천기술개발,일반회계,출연,8904.0,89.04,요구안,본예산(B),8904.0,8904.0,1,"출연 100%(대기업 50%, 중견기업 30%, 중소기업 25% 이상 매칭)","농림식품기술기획평가원, (재)스마트팜연구개발사업단"
148,신종보이스피싱조기탐지기술개발,과학기술정보통신부,과학기술정보통신부,통신,방송통신,통신정책지원,일반회계,출연,5000.0,50.0,요구안,본예산(B),5000.0,5000.0,1,출연,정보통신기획평가원
149,실세계능동행동형에이전틱 AI기술개발(R&D),과학기술정보통신부,과학기술정보통신부,통신,정보통신,인공지능데이터진흥,일반회계,출연,6000.0,60.0,요구안,본예산(B),6000.0,6000.0,1,출연,정보통신기획평가원
150,연합학습기반신약개발가속화 프로젝트(K-MELLODDY프로젝트),과학기술정보통신부,과학기술정보통신부,과학기술,과학기술 연구개발,미래유망기술개발,일반회계,출연,4550.0,45.5,요구안,본예산(B),4550.0,4550.0,1,전액 국고 출연 (과기정통부/보건복지부 공동주관),과기정통부(한국연구재단)/보건복지부(한국보건산업진흥원) * 1단계(24년-26년) 간사 부처(전문기관) : 보건복지부(한국보건산업진흥원) * 2단계(27년-28년) 간사 부처(전문기관) : 과기정통부(한국연구재단)
151,오픈랜실증단지조성,과학기술정보통신부,과학기술정보통신부,통신,정보통신,정보통신융합산업,일반회계,출연,3466.0,34.66,요구안,본예산(B),3466.0,3466.0,1,출연,한국지능정보사회진흥원(NIA)
152,온디바이스AI기반자율협업IoT 및디바이스핵심기술개발(R&D),과학기술정보통신부,과학기술정보통신부,통신,정보통신,인터넷융합산업,일반회계,출연,9750.0,97.5,요구안,본예산(B),9750.0,9750.0,2,"직접수행, 보조, 융자, 출연, 출자 등",사업 시행 기관명 적시
153,우편물류기술연구개발(R&D,과학기술정보통신부,과학기술정보통신부,통신,우정,우편서비스,우편사업 특별회계,출연,825.0,8.25,요구안,본예산(B),825.0,825.0,1,출연,정보통신기획평가원(IITP)
154,울산과학기술원 연구운영비 지원(R&D),과학기술정보통신부,과학기술정보통신부,교육,고등교육,과학기술인력양성,일반회계,출연,126289.0,1262.89,요구안,본예산(B),126289.0,126289.0,1,출연,울산과학기술원
155,융합서비스 글로벌시장 진출지원,과학기술정보통신부,과학기술정보통신부,통신,정보통신,정보통신융합산업,일반회계,출연,45150.0,451.5,요구안,본예산(B),42300.0,45150.0,3,출연,정보통신산업진흥원
156,의료 AI반도체 전문인력 양성센터 구축,과학기술정보통신부,과학기술정보통신부,통신,정보통신,정보통신융합산업,지역균형발전 특별회계,출연,4078.0,40.78,요구안,본예산(B),2922.0,4078.0,1,출연,정보통신기획평가원
157,의료AI혁신생태계조성(닥터앤서3.0),과학기술정보통신부,과학기술정보통신부,통신,정보통신,인공지능데이터진흥,일반회계,출연,10400.0,104.0,요구안,본예산(B),10400.0,10400.0,1,출연,정보통신산업진흥원
158,인간-AI 협업형 LAM 개발 ·글로벌 실증(R&D),과학기술정보통신부,과학기술정보통신부,과학기술,과학기술 연구개발,지역경제활성화,지역균형발전 특별회계,출연,66666.0,666.66,요구안,본예산(B),40000.0,66666.0,1,출연,정보통신산업진흥원
159,인간인지기반AI핵심원천기술 개발(R&D),과학기술정보통신부,과학기술정보통신부,통신,정보통신,인공지능데이터진흥,일반회계,출연,10000.0,100.0,요구안,본예산(B),10000.0,10000.0,1,출연,한국연구재단 부설 정보통신기획평가원(IITP)
160,인간지향적차세대도전형 AI기술개발(R&D),과학기술정보통신부,과학기술정보통신부,통신,정보통신,인공지능데이터진흥,일반회계,출연,7000.0,70.0,요구안,본예산(B),7000.0,7000.0,1,출연,한국연구재단 부설 정보통신기획평가원
161,인공지능 신뢰성 혁신 실증사업,과학기술정보통신부,과학기술정보통신부,통신,정보통신,지역경제활성화,지역균형발전 특별회계,출연,1000.0,10.0,요구안,본예산(B),1000.0,1000.0,1,출연,"광역자치단체(수도권 제외), 정보통신산업진흥원"
162,인공지능반도체SW 통합플랫폼기술개발(R&D),과학기술정보통신부,과학기술정보통신부,통신,정보통신,인공지능데이터진흥,일반회계,출연,8800.0,88.0,요구안,본예산(B),8800.0,8800.0,1,출연,정보통신기획평가원
163,인공지능융합혁신인재양성(R&D),과학기술정보통신부,과학기술정보통신부,통신,정보통신,SW산업진흥,일반회계,출연,21000.0,210.0,요구안,본예산(B),21000.0,21000.0,1,출연,정보통신기획평가원
164,인공지능첨단원천 유망기술개발(R&D),과학기술정보통신부,과학기술정보통신부,통신,정보통신,인공지능데이터진흥,일반회계,출연,6000.0,60.0,요구안,본예산( B),6000.0,6000.0,1,출연,정보통신기획평가원
165,자율주행기술개발혁신사업(R&D),과학기술정보통신부,과학기술정보통신부,통신,정보통신,인터넷융합산업,일반회계,출연,14575.0,145.75,요구안,본예산(B),14575.0,14575.0,1,출연,"정보통신기획평가원, (재)자율주행기술개발혁신사업단"
166,자율행동체온디바이스 응용지원핵심기술개발(R&D),과학기술정보통신부,과학기술정보통신부,통신,정보통신,정보통신융합산업,일반회계,출연,6000.0,60.0,요구안,본예산(B),6000.0,6000.0,1,출연,정보통신기획평가원
167,재난안전혁신기술개발(R&D),과학기술정보통신부,과학기술정보통신부,과학기술,과학기술 연구개발,사회문제해결,일반회계,출연,8725.0,87.25,요구안,본예산(B),8725.0,8725.0,1,출연,"한국연구재단, 한국산업기술기획평가원"
168,저궤도 군집 위성통신용 지능형 지상국 핵심기술 개발,과학기술정보통신부,과학기술정보통신부,통신,방송통신,전파활용방송서비스산업,일반회계,출연,3860.0,38.6,요구안,본예산(B),3860.0,3860.0,1,출연,정보통신기획평가원
169,전국민 AI활용 서비스 개발환경 조성,과학기술정보통신부,과학기술정보통신부,미상,미상,인터넷융합사업,정보통신 진흥기금,출연,12500.0,125.0,요구안,본예산(B),12500.0,12500.0,1,출연(100%),한국지능정보사회진흥원(NIA)
170,정보보호핵심원천기술개발,과학기술정보통신부,과학기술정보통신부,통신,정보통신,정보보호및활용,정보통신 진흥기금,출연,107415.0,1074.15,요구안,본예산(B),107415.0,107415.0,1,출연,정보통신기획평가원(IITP)
171,정보통신 기반보호 강화(정보화),과학기술정보통신부,과학기술정보통신부,일반·지방행정,정부자원관리,국가사회정보화,일반회계,출연,24606.0,246.06,요구안,본예산(B),21591.0,24606.0,2,출연,한국인터넷진흥원(KISA)
172,정보통신방송혁신인재양성,과학기술정보통신부,과학기술정보통신부,통신,정보통신,정보통신융합산업,방송통신 발전기금,출연,144742.0,1447.42,요구안,확정(B),144092.0,144742.0,1,출연,"(전문기관) 정보통신기획평가원, (주관연구개발기관) 대학(원) 등"
173,제조업 AI융합 기반 조성,과학기술정보통신부,과학기술정보통신부,통신,정보통신,인공지능데이터진흥,지역균형발전 특별회계,출연,9875.0,98.75,요구안,본예산(B),9875.0,9875.0,1,출연,정보통신산업진흥원
174,지능형 홈 산업 육성,과학기술정보통신부,과학기술정보통신부,통신,정보통신,인터넷융합산업,일반회계,출연,3360.0,33.6,요구안,본예산(B),3360.0,3360.0,1,출연,정보통신산업진흥원
175,지속가능한 데이터센터 산업 발전 지원,과학기술정보통신부,과학기술정보통신부,통신,정보통신,인공지능데이터진흥,정보통신 진흥기금,미상,5250.0,52.5,요구안,본예산(B),4750.0,5250.0,1,출연,정보통신산업진흥원
176,지역거점AX혁신기술개발(R&D),과학기술정보통신부,과학기술정보통신부,과학기술,과학기술 연구개발,지역경제활성화,지역균형발전 특별회계,출연,11020.0,110.2,정부안,확정(B),7920.0,11020.0,1,출연,정보통신산업진흥원
177,지역디지털인재양성,과학기술정보통신부,과학기술정보통신부,통신,정보통신,SW산업진흥,지역균형발전 특별회계,출연,69095.0,690.95,요구안,본예산(B),61595.0,69095.0,3,출연,"정보통신산업진흥원, 정보통신기획평가원"
178,지역특화 AI 공간컴퓨팅 육성사업,과학기술정보통신부,과학기술정보통신부,통신,정보통신,인공지능데이터진흥,정보통신 진흥기금,출연,1500.0,15.0,요구안,본예산(B),1500.0,1500.0,1,출연,정보통신산업진흥원
179,차세대 AI+S&T 기반 기술개발(R&D),과학기술정보통신부,과학기술정보통신부,과학기술,과학기술 연구개발,미래유망원천기술개발,일반회계,출연,2000.0,20.0,요구안,본예산(B),2000.0,2000.0,1,출연,한국연구재단
180,차세대 네트워크 AI파운데이션 모델(NFM) 개발(R&D),과학기술정보통신부,과학기술정보통신부,통신,정보통신,정보통신융합산업,일반회계,출연,4000.0,40.0,요구안,본예산(B),4000.0,4000.0,1,출연,정보통신기획평가원
181,차세대 네트워크 선도 연구시험망 구축운영(R&D),과학기술정보통신부,과학기술정보통신부,통신,정보통신,인터넷융합산업,일반회계,출연,11500.0,115.0,요구안,본예산(B),11500.0,11500.0,1,출연,"(전문기관) 정보통신기획평가원, (주관기관) 한국지능정보사회진흥원"
182,차세대특화망융합산업 활성화기반구축,과학기술정보통신부,과학기술정보통신부,통신,방송통신,전파활용방송서비스산업,일반회계,보조,1000.0,10.0,요구안,본예산(B),1000.0,1000.0,3,민간경상보조,"한국방송통신전파진흥원, 한국정보통신기술협회, 한국전파진흥협회"
183,차세대 네트워크(6G) 산업 기술개발,과학기술정보통신부,과학기술정보통신부,통신,정보통신,정보통신융합산업,일반회계,출연,106754.0,1067.54,요구안,본예산(B),106754.0,106754.0,1,출연,정보통신기획평가원
184,차세대생성AI기술개발(R&D),과학기술정보통신부,과학기술정보통신부,통신,정보통신,인공지능데이터진흥,일반회계,출연,4000.0,40.0,요구안,본예산(B),4000.0,4000.0,1,출연,한국연구재단 부설 정보통신기획평가원
185,차세대지능형 반도체기술개발(설계)(R&D),과학기술정보통신부,과학기술정보통신부,통신,정보통신,인공지능데이터진흥,일반회계,출연,18942.0,189.42,요구안,본예산(B),18942.0,18942.0,1,출연,정보통신기획평가원
186,첨단신약 타겟 발굴 검증 및 기반기술 개발(R&D),과학기술정보통신부,과학기술정보통신부,과학기술,과학기술 연구개발,미래유망원천기술개발,일반회계,출연,3675.0,36.75,요구안,본예산(B),3675.0,3675.0,1,출연,한국연구재단
187,초거대AI 클라우드팜 실증 및 AI 확산 환경 조성,과학기술정보통신부,과학기술정보통신부,통신,정보통신,인공지능데이터진흥,지역균형발전 특별회계,출연,3600.0,36.0,요구안,본예산(B),3600.0,3600.0,1,출연,한국지능정보사회진흥원
188,초거대산업AI연구지원(R&D),과학기술정보통신부,과학기술정보통신부,통신,정보통신,인공지능데이터진흥,일반회계,출연,4500.0,45.0,요구안,본예산(B),4500.0,4500.0,1,출연,한국연구재단 부설 정보통신기획평가원
189,초고층 복합시설 복합재난관리 디지털플랫폼 기술개발,과학기술정보통신부,과학기술정보통신부,통신,정보통신,인터넷융합산업,일반회계,출연,2000.0,20.0,요구안,본예산(B),2000.0,2000.0,1,출연,정보통신기획평가원
190,최고급 AI해외인재 유치지원,과학기술정보통신부,과학기술정보통신부,통신,정보통신,SW산업진흥,일반회계,출연,10000.0,100.0,요구안,본예산(B),10000.0,10000.0,1,출연,정보통신기획평가원
191,바이오·의료기술개발,과학기술정보통신부,과학기술정보통신부,과학기술,과학기술 연구개발,명칭,일반회계,출연,1650.0,16.5,요구안,본예산(B),1650.0,1650.0,1,출연(기업참여시 matching),"한국연구재단, 한국보건산업진흥원"
192,칩렛기반저전력온디바이스 AI반도체기술개발,과학기술정보통신부,과학기술정보통신부,통신,정보통신,인공지능데이터진흥,일반회계,출연,5330.0,53.3,요구안,본예산(B),5330.0,5330.0,1,출연,정보통신기획평가원
193,컴퓨터자원 집중형 인공지능 응용 기술개발(R&D),과학기술정보통신부,과학기술정보통신부,통신,정보통신,인공지능데이터진흥,일반회계,출연,4500.0,45.0,요구안,본예산(B),4500.0,4500.0,1,출연,정보통신기획평가원(IITP)
194,클라우드컴퓨팅산업육성(정보화),과학기술정보통신부,과학기술정보통신부,통신,정보통신,인공지능데이터진흥,방송통신 발전기금,출연,15000.0,150.0,요구안,본예산(B),15000.0,15000.0,2,출연,"정보통신산업진흥원, 한국인터넷진흥원, 한국지능정보사회진흥원"
195,피지컬AI선도기술개발(R&D),과학기술정보통신부,과학기술정보통신부,통신,정보통신,인공지능데이터진흥,일반회계,출연,15000.0,150.0,요구안,본예산(B),15000.0,15000.0,1,출연,정보통신기획평가원
196,한국건설기술연구원 연구운영비 지원(R&D),과학기술정보통신부,과학기술정보통신부,과학기술,과학기술 연구지원,출연연구 기관지원,일반회계,출연,86433.0,864.33,요구안,본예산(B),86433.0,86433.0,1,"직접수행, 출연",한국건설기술연구원
197,한국과학기술연구원 연구운영비 지원(R&D),과학기술정보통신부,과학기술정보통신부,과학기술,과학기술 연구지원,출연연구 기관지원,일반회계,출연,244008.0,2440.08,요구안,본예산(B),241008.0,244008.0,1,출연,한국과학기술연구원
198,한국과학기술원 연구운영비 지원(R&D),과학기술정보통신부,과학기술정보통신부,과학기술,과학기술 연구지원,출연연구 기관지원,일반회계,출연,297077.0,2970.77,요구안,본예산(B),287242.0,297077.0,1,출연,한국과학기술원
199,한국과학기술정보연구원 연구 운영비 지원(R&D),과학기술정보통신부,과학기술정보통신부,과학기술,과학기술 연구지원,출연연구 기관지원,일반회계,출연,112476.0,1124.76,요구안,본예산(B),112476.0,112476.0,1,출연,한국과학기술정보연구원
200,한국기계연구원 연구운영비 지원(R&D),과학기술정보통신부,과학기술정보통신부,과학기술,과학기술 연구지원,출연연구 기관지원,일반회계,출연,85485.0,854.85,요구안,본예산(B),85485.0,85485.0,1,출연,한국기계연구원
201,한국기초과학지원연구원 연구운영비 지원(R&D),과학기술정보통신부,과학기술정보통신부,과학기술,과학기술 연구지원,출연연구 기관지원,일반회계,출연,79917.0,799.17,요구안,본예산(B),79917.0,79917.0,1,출연,한국기초과학지원연구원
202,한국뇌연구원 연구운영비 지원,과학기술정보통신부,과학기술정보통신부,과학기술,과학기술 연구지원,출연연구 기관지원,일반회계,출연,40369.0,403.69,요구안,본예산(B),40369.0,40369.0,1,출연,한국뇌연구원
203,한국산업은행 출자 (AI컴퓨팅 인프라 확충),과학기술정보통신부,과학기술정보통신부,통신,정보통신,인공지능데이터진흥,일반회계,출자,11800.0,118.0,요구안,본예산(B),11800.0,11800.0,1,출자,한국산업은행 경유 출자 등을 통해 설립된 SPC
204,한국생명공학연구원 연구운영비 지원(R&D),과학기술정보통신부,과학기술정보통신부,과학기술,과학기술 연구지원,출연연구 기관지원,일반회계,출연,105590.0,1055.9,요구안,본예산(B),105590.0,105590.0,1,출연,한국생명공학연구원
205,한국생산기술연구원 연구운영비지원(R&D),과학기술정보통신부,과학기술정보통신부,과학기술,과학기술 연구지원,출연연구 기관지원,일반회계,출연,149825.0,1498.25,요구안,본예산(B),149825.0,149825.0,1,출연,한국생산기술연구원
206,한국식품연구원 연구운영비 지원(R&D),과학기술정보통신부,과학기술정보통신부,과학기술,과학기술 연구지원,출연연구 기관지원,일반회계,출연,49548.0,495.48,요구안,본예산(B),49548.0,49548.0,1,출연,한국식품연구원
207,한국에너지기술연구원 연구운영비 지원(R&D),과학기술정보통신부,과학기술정보통신부,과학기술,과학기술 연구지원,출연연구 기관지원,에너지및자원 사업특별회계,출자,93927.0,939.27,요구안,본예산(B),93927.0,93927.0,1,출연,한국에너지기술연구원
208,한국원자력연구원 연구 운영비 지원(R&D),과학기술정보통신부,과학기술정보통신부,과학기술,과학기술 연구지원,출연연구 기관지원,에너지및자원 사업특별회계,출연,171326.0,1713.26,요구안,본예산(B),165256.0,171326.0,1,출연,한국원자력연구원
209,한국재료연구원 연구운영비 지원(R&D),과학기술정보통신부,과학기술정보통신부,과학기술,과학기술 연구지원,출연연구 기관지원,소재·부품·장비 경쟁력강화 및 공급망 안정화 특별회계,출연,56196.0,561.96,요구안,본예산(B),56196.0,56196.0,1,출연,한국재료연구원
210,한국전자통신연구원 연구운영비 지원(R&D),과학기술정보통신부,과학기술정보통신부,과학기술,과학기술 연구지원,출연연구 기관지원,일반회계,출연,169219.0,1692.19,요구안,본예산(B),159323.0,169219.0,1,출연,한국전자통신연구원
211,한국지질자원연구원 연구운영비지원(R&D),과학기술정보통신부,과학기술정보통신부,과학기술,과학기술 연구지원,출연연구 기관지원,에너지및자원 사업특별회계,출연,103475.0,1034.75,요구안,본예산(B),103475.0,103475.0,1,출연,한국지질자원연구원
212,한국철도기술연구원 연구운영비 지원(R&D),과학기술정보통신부,과학기술정보통신부,과학기술,과학기술 연구지원,출연연구 기관지원,일반회계,출연,64378.0,643.78,요구안,본예산(B),64378.0,64378.0,1,출연,한국철도기술연구원
213,한국표준과학연구원 연구운영비 지원(R&D),과학기술정보통신부,과학기술정보통신부,과학기술,과학기술 연구지원,출연연구 기관지원,일반회계,출연,110909.0,1109.09,요구안,본예산(B),109909.0,110909.0,1,"출연, 직접수행",한국표준과학연구원
214,한국핵융합에너지연구원 연구 운영비지원(R&D),과학기술정보통신부,과학기술정보통신부,과학기술,과학기술 연구지원,출연연구 기관지원,일반회계,출연,96122.0,961.22,요구안,본예산(B),96122.0,96122.0,1,출자 등,한국핵융합에너지연구원
215,한국화학연구원 연구운영비 지원(R&D),과학기술정보통신부,과학기술정보통신부,과학기술,과학기술 연구지원,출연연구 기관지원,일반회계,출연,99509.0,995.09,요구안,본예산(B),99509.0,99509.0,1,출연,한국화학연구원
216,해양문화도시 기반의 에이지테크 실증거점 조성,과학기술정보통신부,과학기술정보통신부,통신,정보통신,지역경제활성화,지역균형발전 특별회계,출연,3000.0,30.0,요구안,본예산(B),3000.0,3000.0,1,출연,정보통신산업진흥원
217,해킹바이러스 대응체계 고도화,과학기술정보통신부,과학기술정보통신부,통신,정보통신,정보보호및활용,일반회계,출연,63252.0,632.52,요구안,본예산(B),66097.0,63252.0,1,출연,한국인터넷진흥원
218,협업지능 피지컬AI 기반 SW플랫폼 연구개발 생태계 조성(R&D),과학기술정보통신부,과학기술정보통신부,과학기술,과학기술 연구개발,지역경제활성화,지역균형발전 특별회계,출연,76666.0,766.66,요구안,본예산(B),40000.0,76666.0,1,출연,정보통신산업진흥원
219,관세행정 정보관리(정보화),관세청,관세청,일반·지방행정,재정·금융,관세행정지능정보화,일반회계,"직접, 출연",63129.0,631.29,정부안,본예산(B),63129.0,63129.0,1,"직접수행, 출연","관세청, 한국관세정보원"
220,4단계 두뇌한국21 사업,교육부,교육부,교육,고등교육,대학교육 역량강화,고등·평생교육 지원특별회계,출연,541546.0,5415.46,요구안,본예산(B),541546.0,541546.0,1,출연,한국연구재단
221,AI 디지털유니버시티 혁신교육 플랫폼 구축,교육부,교육부,교육,고등교육,국립대학 운영지원,일반회계,직접,200.0,2.0,요구안,본예산(B),305.0,200.0,1,직접수행,한국방송통신대학교
222,가상실험실습 학습콘텐츠 공유 플랫폼 구축(정보화),교육부,교육부,교육,평생·직업교육,평생직업교육 체제 구축,고등·평생교육 지원특별회계,직접,2064.0,20.64,요구안,본예산(B),2064.0,2064.0,1,직접수행,한국방송통신대학교
223,국립대학육성사업,교육부,교육부,교육,고등교육,국립대학 운영지원,고등·평생교육 지원특별회계,출연,873550.0,8735.5,요구안,본예산(B),873550.0,873550.0,2,출연,한국연구재단
224,대학생 AI 기본 교육 지원,교육부,교육부,교육,고등교육,대학교육 역량강화,고등·평생교육 지원특별회계,"출연, 보조",8840.0,88.4,요구안,본예산(B),11840.0,8840.0,2,"민간경상보조, 사업출연금","한국대학교육협의회, 한국과학창의재단"
225,대학정보공시 제도 운영(정보화),교육부,교육부,교육,고등교육,대학교육 역량강화,고등·평생교육 지원특별회계,보조,10531.0,105.31,요구안,본예산(B),10531.0,10531.0,1,민간위탁,교육부(한국대학교육협의회)
226,산학연협력 고도화 지원,교육부,교육부,교육,고등교육,대학교육 역량강화,고등·평생교육 지원특별회계,출연,262461.0,2624.61,요구안,본예산(B),262461.0,262461.0,4,출연,"한국산업기술진흥원, 서울대학교, 한국연구재단"
227,소프트웨어인재양성기반구축,교육부,교육부,교육,유아 및 초중등교육,학교교육과정 운영지원,일반회계,출연,1962.0,19.62,요구안,본예산(B),1962.0,1962.0,1,출연,한국과학창의재단
228,학생교육교류지원,교육부,교육부,교육,평생·직업교육,국립국제교육원지원,일반회계,직접,13682.0,136.82,요구안,본예산(B),13682.0,13682.0,4,직접수행 및 민간기관 위탁,국립국제교육원
229,한국장학재단 출연,교육부,교육부,교육,고등교육,맞춤형 국가장학제도 기반조성,고등·평생교육 지원특별회계,출연,421041.0,4210.41,요구안,본예산(B),421051.0,421041.0,1,출연,한국장학재단
230,한국형 온라인 공개강좌 콘텐츠 개발 및 활용 활성화,교육부,교육부,교육,평생·직업교육,평생직업교육 체제 구축,고등·평생교육 지원특별회계,출연,19810.0,198.1,요구안,본예산(B),18310.0,19810.0,1,출연,국가평생교육진흥원
231,통계DB통합 및 포털서비스,국가데이터처,국가데이터처,일반·지방행정,일반행정,통계정보확충 및 서비스체계 개선,일반회계,직접,4670.0,46.7,요구,본예산(B),5035.0,4670.0,1,직접수행,국가데이터처(통계서비스기획과)
232,통계교육지원,국가데이터처,국가데이터처,일반·지방행정,일반행정,통계제도정비 및 통계전문교육,일반회계,직접,2148.0,21.48,요구,본예산(B),2197.0,2148.0,1,직접수행,국가데이터처(통계인재개발원)
233,통계데이터 분석 및 활용 지원(정보화),국가데이터처,국가데이터처,일반·지방행정,일반행정,통계정보확충 및 서비스체계 개선,일반회계,직접,11247.0,112.47,요구,본예산(B),11247.0,11247.0,6,직접수행,국가데이터처
234,통계센터 및 교육시설 운영,국가데이터처,국가데이터처,일반·지방행정,일반행정,통계제도정비 및 통계전문교육,일반회계,직접,6942.0,69.42,요구,본예산(B),7084.0,6942.0,1,직접수행,통계인재개발원
235,통계연구개발지원,국가데이터처,국가데이터처,일반·지방행정,일반행정,책임운영기관,일반회계,직접,1564.0,15.64,요구,본예산(B),1564.0,1564.0,1,직접수행,국가데이터연구원
236,국가유산지능형첨단보존기술개발(R&D),국가유산청,국가유산청,문화 및 관광,국가유산,유산정책,일반회계,"직접, 출연",4420.0,44.2,요구안,본예산(B),7396.0,4420.0,3,"직접수행, 출연",미정(산․학․연 공모 선정)
237,국민소통시스템 구축 및 운영(정보화),국민권익위원회,국민권익위원회,일반·지방행정,일반행정,국민권익증진,일반회계,직접,3895.0,38.95,요구안,본예산(B),3895.0,3895.0,3,직접수행,국민권익위원회
238,AI응용제품 신속 상용화 지원사업(국방),국방부,국방부,국방,전력유지,군수지원 및 협력,일반회계,"출연, 보조",35000.0,350.0,요구안,조정안(B),0.0,35000.0,1,정보통신기획평가원(국방사업팀) 출연,정보통신기획평가원(국방사업팀)
239,국내외 전문군사교육,국방부,국방부,국방,전력유지,군 인사 및 교육훈련,일반회계,직접,49250.0,492.5,요구안,조정안(B),51484.0,49250.0,2,직접수행,"국방부, 각군, 국직기관"
240,국방 ICT 혁신기술,국방부,국방부,국방,전력유지,국방정보화,일반회계,출연,6651.0,66.51,조정(B),증감 (B-A),6651.0,5651.0,1,정보통신기획평가원 內 ‘국방 ICT단’에 출연,정보통신기획평가원 內 ‘국방 ICT단’
241,민군기술협력 R&D,국방부,국방부,국방,전력유지,군수지원 및 협력,일반회계,출연,10776.0,107.76,요구안,조정안(B),11973.0,10776.0,2,출연,"국방기술진흥연구소, 민군협력진흥원"
242,전투발전연구,국방부,국방부,국방,전력유지,군 인사 및 교육훈련,일반회계,직접,9177.0,91.77,조정안(B),증감 (B-A),9177.0,1560.0,1,직접수행,각 군
243,정보체계개발유지,국방부,국방부,국방,전력유지,국방정보화,일반회계,직접,183056.0,1830.56,조정(B),증감 (B-A),183056.0,-4718.0,1,직접수행,국방부(필요시 각 군 및 국직 위임)
244,정보통신기반체계구축,국방부,국방부,국방,전력유지,국방정보화,일반회계,직접,292157.0,2921.57,요구안,조정안(B),283199.0,292157.0,1,직접수행 (일부 출연),"국방부, 합참, 육․해․공군․해병대, 국직부대/기관"
245,국세정보분석시스템 운영(정보화),국세청,국세청,일반·지방행정,재정·금융,국세행정지원,일반회계,직접,11610.0,116.1,요구안,본예산(B),11610.0,11610.0,1,직접수행,국세청
246,국세행정지원시스템 운영(정보화),국세청,국세청,일반·지방행정,재정·금융,국세행정지원,일반회계,직접,53930.0,539.3,요구안,본예산(B),53930.0,53930.0,3,직접수행,국세청
247,엔티스 전산시스템 운영(정보화),국세청,국세청,일반·지방행정,재정·금융,국세행정지원,일반회계,직접,37914.0,379.14,요구안,본예산(B),37914.0,37914.0,2,직접수행,국세청
248,AI-XR기반비행장원격관제 운용기술개발(R&D),국토교통부,국토교통부,교통 및 물류,물류 등 기타,국토교통연구개발,교통시설 특별회계,출연,3596.0,35.96,정부안,확정(B),3596.0,3596.0,1,출연(참여기업이 있는 경우 Matching),국토교통부(전문기관 : 국토교통과학기술진흥원)
249,AI데이터중심의화물차운송 안전향상기술개발(R&D),국토교통부,국토교통부,교통 및 물류,물류 등 기타,국토교통연구개발,교통시설 특별회계,출연,1602.0,16.02,정부안,확정(B),1602.0,1602.0,1,출연(참여기업이 있는 경우 Matching),국토교통부(전문기관 : 국토교통과학기술진흥원)
250,AI 모빌리티 시범도시 조성,국토교통부,국토교통부,교통 및 물류,물류 등 기타,자동차및교통정책,일반회계,"직접, 출연",61760.0,617.6,정부안,확정(B),,61760.0,2,"직접수행, 출연","국토교통부, 한국교통안전공단"
251,AI응용제품 신속상용화 지원사업(국토·교통),국토교통부,국토교통부,교통 및 물류,물류 등 기타,국토교통행정지원,일반회계,출연,31500.0,315.0,정부안,확정(B),46000.0,31500.0,1,출연,"국토교통부, 전담기관(국토교통과학기술진흥원)"
252,AI진단기반항공기로봇검사 및정비기술개발(R&D),국토교통부,국토교통부,교통 및 물류,물류 등 기타,국토교통연구개발,교통시설 특별회계,출연,4776.0,47.76,정부안,확정(B),4776.0,4776.0,1,출연(참여기업이 있는 경우 Matching),국토교통부(전문기관 : 국토교통과학기술진흥원)
253,건물에너지소비데이터 통합관리기반구축(R&D),국토교통부,국토교통부,교통 및 물류,물류 등 기타,국토교통연구개발,일반회계,출연,2982.0,29.82,정부안,확정(B),2982.0,2982.0,1,출연(참여기업이 있는 경우 Matching),국토교통부(전문기관 : 국토교통과학기술진흥원)
254,건설전주기안전혁신기술개발 사업(R&D),국토교통부,국토교통부,교통 및 물류,물류 등 기타,국토교통연구개발,일반회계,출연,43362.0,433.62,정부안,확정(B),,43362.0,2,출연(참여기업이 있는 경우 Matching),국토교통부(전문기관 : 국토교통과학기술진흥원)
255,건설산업정보시스템 구축 및 운영(정보화),국토교통부,국토교통부,교통 및 물류,물류 등 기타,국토교통정보화,일반회계,직접,4305.0,43.05,정부안,확정(B),4305.0,4305.0,1,직접 수행,"국토교통부, (재)건설산업정보원 (위탁기관) * 위탁근거 : 「건설산업기본법」 제91조제3항제6호 및 동법 시행령 제87조제3항에 따라 건설산업 종합정보망 업무위탁기관 지정(국토교통부 고시 제2019-333호)"
256,건축정보시스템 구축 및 운영,국토교통부,국토교통부,교통 및 물류,물류 등 기타,국토교통정보화,일반회계,직접,7184.0,71.84,정부안,확정(B),7184.0,7184.0,3,직접수행,국토교통부
257,공간지식추론엔진 기술개발(R&D),국토교통부,국토교통부,교통 및 물류,물류 등 기타,국토교통연구개발,일반회계,출연,3807.0,38.07,정부안,확정(B),3807.0,3807.0,1,출연(참여기업이 있는 경우 Matching),국토교통부(전문기관 : 국토교통과학기술진흥원)
258,공동주택건설생산성혁신을 위한다용도-건설작업로봇 설계및통합관리기술개발(R&D),국토교통부,국토교통부,교통 및 물류,물류 등 기타,국토교통연구개발,일반회계,출연,2009.0,20.09,정부안,확정(B),2009.0,2009.0,1,출연(참여기업이 있는 경우 Matching),국토교통부(전문기관 : 국토교통과학기술진흥원)
259,공항조류탐지및한국형 조류관리핵심기술개발(R&D),국토교통부,국토교통부,교통 및 물류,물류 등 기타,국토교통연구개발,교통시설 특별회계,출연,1500.0,15.0,정부안,확정(B),1500.0,1500.0,1,출연(참여기업이 있는 경우 Matching),국토교통부(전문기관 : 국토교통과학기술진흥원)
260,과적단속효율화를위한화물차 중량정보플랫폼구축및실증 기술개발사업(R&D),국토교통부,국토교통부,교통 및 물류,물류 등 기타,국토교통연구개발,교통시설 특별회계,출연,4000.0,40.0,정부안,확정(B),4000.0,4000.0,1,출연(참여기업이 있는 경우 Matching),국토교통부(전문기관 : 국토교통과학기술진흥원)
261,광역단위노후건축물디지털 안전워치기술개발(R&D),국토교통부,국토교통부,교통 및 물류,물류 등 기타,국토교통연구개발,일반회계,출연,2611.0,26.11,정부안,확정(B),2611.0,2611.0,1,출연(참여기업이 있는 경우 Matching),국토교통부(전문기관 : 국토교통과학기술진흥원)
262,교통사고유발도로노면 위험요소저감기술개발(R&D),국토교통부,국토교통부,교통 및 물류,물류 등 기타,국토교통연구개발,교통시설 특별회계,출연,5199.0,51.99,정부안,확정(B),5199.0,5199.0,1,출연(참여기업이 있는 경우 Matching),국토교통부(전문기관 : 국토교통과학기술진흥원)
263,국토교통DNA플러스융합 기술대학원육성사업(R&D),국토교통부,국토교통부,교통 및 물류,물류 등 기타,국토교통연구개발,일반회계,출연,6720.0,67.2,정부안,확정(B),6720.0,6720.0,1,출연(참여기업이 있는 경우 Matching),국토교통부(전문기관 : 국토교통과학기술진흥원)
264,국토이용정보체계 구축 및 운영(정보화),국토교통부,국토교통부,교통 및 물류,물류 등 기타,국토교통정보화,일반회계,직접,4680.0,46.8,정부안,확정(B),4680.0,4680.0,1,"직접수행, 위탁수행","국토교통부, 한국국토정보공사(LX)"
265,국토지형관리(정보화),국토교통부,국토교통부,국토 및 지역개발,지역 및 도시,국토지리정보원 운영,일반회계,직접,20037.0,200.37,정부안,확정(B),20037.0,20037.0,3,직접수행,국토교통부 국토지리정보원
266,대심도장대터널(GTX등)의재난 대응복합훈련장개발(R&D),국토교통부,국토교통부,교통 및 물류,물류 등 기타,국토교통연구개발,교통시설 특별회계,출연,8318.0,83.18,정부안,확정(B),8318.0,8318.0,1,출연(참여기업이 있는 경우 Matching),국토교통부(전문기관 : 국토교통과학기술진흥원)
267,데이터기반철도시스템안전평가 ·예측기술개발(R&D),국토교통부,국토교통부,교통 및 물류,물류 등 기타,국토교통연구개발,교통시설 특별회계,출연,5300.0,53.0,정부안,확정(B),5300.0,5300.0,1,출연(참여기업이 있는 경우 Matching),국토교통부(전문기관 : 국토교통과학기술진흥원)
268,디지털기반건축시공및 안전감리기술개발(R&D),국토교통부,국토교통부,교통 및 물류,물류 등 기타,국토교통연구개발,일반회계,출연,6794.0,67.94,정부안,확정(B),6794.0,6794.0,1,출연(참여기업이 있는 경우 Matching),국토교통부(전문기관 : 국토교통과학기술진흥원)
269,디지털도로기반클라우드형AI -ITS센터플랫폼운영관리기술 개발사업(R&D),국토교통부,국토교통부,교통 및 물류,물류 등 기타,국토교통연구개발,교통시설 특별회계,출연,1275.0,12.75,정부안,확정(B),1275.0,1275.0,1,출연(참여기업이 있는 경우 Matching),국토교통부(전문기관 : 국토교통과학기술진흥원)
270,디지털트윈국토정보 보안기술개발(R&D),국토교통부,국토교통부,교통 및 물류,물류 등 기타,국토교통연구개발,일반회계,출연,2000.0,20.0,정부안,확정(B),2000.0,2000.0,1,출연(참여기업이 있는 경우 Matching),국토교통부(전문기관 : 국토교통과학기술진흥원)
271,디지털트윈기반GTX환승안전 및혁신기술개발사업(R&D),국토교통부,국토교통부,교통 및 물류,물류 등 기타,국토교통연구개발,일반회계,출연,4000.0,40.0,정부안,확정(B),4000.0,4000.0,1,출연(참여기업이 있는 경우 Matching),국토교통부(전문기관 : 국토교통과학기술진흥원)
272,무안공항 차세대 전력망 구축,국토교통부,국토교통부,교통 및 물류,항공·공항,일반공항건설및관리,교통시설 특별회계,보조,3035.0,30.35,정부안,확정(B),3035.0,3035.0,1,보조,한국공항공사
273,빅데이터기반인공지능 도시계획기술개발(R&D),국토교통부,국토교통부,교통 및 물류,물류 등 기타,국토교통연구개발,일반회계,출연,6016.0,60.16,정부안,확정(B),6016.0,6016.0,1,출연(참여기업이 있는 경우 Matching),국토교통부(전문기관 : 국토교통과학기술진흥원)
274,빅데이터기반철도네트워크 설계및운영기술개발(R&D),국토교통부,국토교통부,교통 및 물류,물류 등 기타,국토교통연구개발,교통시설 특별회계,출연,3000.0,30.0,정부안,확정(B),3000.0,3000.0,1,출연(참여기업이 있는 경우 Matching),국토교통부(전문기관 : 국토교통과학기술진흥원)
275,스마트+빌딩핵심기술개발 (R&D),국토교통부,국토교통부,교통 및 물류,물류 등 기타,국토교통연구개발,일반회계,출연,5048.0,50.48,정부안,확정(B),5048.0,5048.0,1,출연(참여기업이 있는 경우 Matching),국토교통부(전문기관 : 국토교통과학기술진흥원)
276,스마트시티인프라AIoT 핵심기술개발(R&D),국토교통부,국토교통부,교통 및 물류,물류 등 기타,국토교통연구개발,일반회계,출연,6000.0,60.0,정부안,확정(B),6000.0,6000.0,1,출연(참여기업이 있는 경우 Matching),국토교통부(전문기관 : 국토교통과학기술진흥원)
277,스마트시티 확산사업,국토교통부,국토교통부,국토 및 지역개발,지역 및 도시,도시정책,일반회계,"직접, 보조",31615.0,316.15,정부안,확정(B),28115.0,31615.0,4,민간위탁,스마트도시지원기관(민간위탁)
278,스마트철도물류혁신기술개발 (R&D),국토교통부,국토교통부,교통 및 물류,물류 등 기타,국토교통연구개발,교통시설 특별회계,출연,2000.0,20.0,정부안,확정(B),2000.0,2000.0,1,출연(참여기업이 있는 경우 Matching),국토교통부(전문기관 : 국토교통과학기술진흥원)
279,운전자페달오조작방지및평가 기술개발(R&D),국토교통부,국토교통부,교통 및 물류,물류 등 기타,국토교통연구개발,일반회계,출연,2600.0,26.0,정부안,확정(B),2600.0,2600.0,1,출연(참여기업이 있는 경우 Matching),국토교통부(전문기관 : 국토교통과학기술진흥원)
280,자율자동차 상용화,국토교통부,국토교통부,교통 및 물류,물류 등 기타,자동차및교통정책,일반회계,"직접, 출연, 보조",9829.0,98.29,정부안,확정(B),9429.0,9829.0,2,"직접수행, 출연, 지자체보조, 민간위탁 등","국토부(직접수행), 한국교통안전공단(출연), 한국교통연구원·한국 교통안전공단(민간위탁), 시범운행지구 서비스 지자체(지자체보조) 등"
281,자율주행글로벌혁신클러스터 연구개발사업(R&D),국토교통부,국토교통부,교통 및 물류,물류 등 기타,국토교통연구개발,일반회계,출연,3400.0,34.0,정부안,확정(B),3400.0,3400.0,1,출연(참여기업이 있는 경우 Matching),국토교통부(전문기관 : 국토교통과학기술진흥원)
282,지역단위재난위험도AI시뮬레 이션기반재난안전관리기술개 발(R&D),국토교통부,국토교통부,교통 및 물류,물류 등 기타,국토교통연구개발,일반회계,출연,2000.0,20.0,정부안,확정(B),2000.0,2000.0,1,출연(참여기업이 있는 경우 Matching),국토교통부(전문기관 : 국토교통과학기술진흥원)
283,지역특화형자율주행서비스모 델및실증기술개발(R&D),국토교통부,국토교통부,교통 및 물류,물류 등 기타,국토교통연구개발,일반회계,출연,4500.0,45.0,정부안,확정(B),4500.0,4500.0,1,출연(참여기업이 있는 경우 Matching),국토교통부(전문기관 : 국토교통과학기술진흥원)
284,철도차량차륜자동검사시스템 기술개발(R&D),국토교통부,국토교통부,교통 및 물류,물류 등 기타,국토교통연구개발,교통시설 특별회계,출연,2169.0,21.69,정부안,확정(B),2169.0,2169.0,1,출연(참여기업이 있는 경우 Matching),국토교통부(전문기관 : 국토교통과학기술진흥원)
285,철도치안관리,국토교통부,국토교통부,교통 및 물류,철도,철도안전 및 운영,일반회계,직접,13599.0,135.99,정부안,확정(B),13599.0,13599.0,1,직접수행,국가
286,초고층복합시설 복합재난관리디지털플랫폼 기술개발(R&D),국토교통부,국토교통부,교통 및 물류,물류 등 기타,국토교통연구개발,일반회계,출연,2000.0,20.0,정부안,확정(B),2000.0,2000.0,1,출연,국토교통부(전문기관 : 국토교통과학기술진흥원)
287,초연결지능도시핵심 기반기술개발(R&D),국토교통부,국토교통부,교통 및 물류,물류 등 기타,국토교통연구개발,일반회계,출연,4000.0,40.0,정부안,확정(B),4000.0,4000.0,1,출연(참여기업이 있는 경우 Matching),국토교통부(전문기관 : 국토교통과학기술진흥원)
288,FIU 전산망 구축·운영(정보화),금융위원회,금융위원회,일반·지방행정,재정·금융,자금세탁방지시스템 선진화,일반회계,직접,4801.0,48.01,요구안,본예산(B),4801.0,4801.0,1,직접수행,금융위원회 금융정보분석원
289,산업은행 출자(국민성장펀드),금융위원회,금융위원회,일반·지방행정,재정·금융,산업금융지원,일반회계,출자,1000000.0,10000.0,요구안,본예산(B),1000000.0,1000000.0,1,산업은행 출자,국민성장펀드 사무국
290,신용정보(정보화),금융위원회,금융위원회,산업·중소기업 및 에너지,산업금융지원,신용보증금융지원,신용보증기금,직접,2244.0,22.44,요구안,본예산(B),4911.0,2244.0,1,직접수행,신용보증기금
291,기상업무지원기술개발연구(R&D),기상청,기상청,과학기술,과학기술일반,책임행정기관 운영,일반회계,직접,34801.0,348.01,요구안,본예산(B),34801.0,34801.0,1,직접수행,기상청 국립기상과학원
292,기후위기 대응 국가기후예측시스템 개발(R&D),기상청,기상청,과학기술,과학기술일반,기상연구,일반회계,출연,7300.0,73.0,요구안,본예산(B),7300.0,7300.0,1,출연,기상청(한국기상산업기술원 대행)
293,선진예보시스템 구축 및 운영,기상청,기상청,과학기술,과학기술일반,기상예보,일반회계,직접,6780.0,67.8,요구안,본예산(B),6780.0,6780.0,1,직접수행,기상청
294,디지털예산회계시스템 운영(정보화),기획예산처,기획예산처,일반·지방행정,재정·금융,재정기획,일반회계,"직접, 출연",22317.0,223.17,정부안,확정(B),21941.0,22317.0,1,"직접수행, 출연",(직접수행) 기획예산처 / (출연) 한국재정정보원
295,AI 기반 분산전력망 산업 육성,기후에너지환경부,기후에너지환경부,산업·중소기업 및 에너지,에너지 및 자원개발,재생에너지 및 에너지신산업활성화,전력산업 기반기금,보조,217116.0,2171.16,정부안,확정(B),217116.0,217116.0,2,보조,한국에너지공단
296,AI기반무탄소에너지핵심기술 개발(R&D),기후에너지환경부,기후에너지환경부,과학기술,과학기술 연구개발,탄소중립기반구축,기후대응기금,출연,3400.0,34.0,정부안,확정(B),3400.0,3400.0,1,출연,"대학, 출연연, 기업 등"
297,AI 기반 분산·예비전력 안전관리 통합 플랫폼 개발 및 실증(R&D),기후에너지환경부,기후에너지환경부,산업·중소기업 및 에너지,에너지 및 자원개발,에너지자원정책,전력산업 기반기금,출연,9446.0,94.46,정부안,확정(B),9446.0,9446.0,1,"출연(Matching Fund, 연구수행형태에 따라 33~100% 정부지원)",한국에너지기술평가원
298,AI응용제품 신속 상용화 지원사업(환경),기후에너지환경부,기후에너지환경부,환경,환경일반,환경연구 및 교육,환경개선 특별회계,출연,30500.0,305.0,정부안,확정(B),50000.0,30500.0,1,출연(국고지원 및 민간부담금(민간30%)),한국환경산업기술원
299,K-그리드 인재·창업 밸리 조성,기후에너지환경부,기후에너지환경부,산업·중소기업 및 에너지,에너지 및 자원개발,에너지자원정책,전력산업 기반기금,출연,24500.0,245.0,정부안,확정(B),24500.0,24500.0,2,출연,한국에너지공과대학교
300,광역상수도 안정화,기후에너지환경부,기후에너지환경부,국토 및 지역개발,수자원,맑은물 공급・이용(광역),일반회계,출자,48705.0,487.05,정부안,확정(B),73643.0,48705.0,1,"출자, 국고 30%",한국수자원공사
301,국가하천유지보수,기후에너지환경부,기후에너지환경부,국토 및 지역개발,수자원,하천관리,일반회계,"직접, 보조",296948.0,2969.48,정부안,확정(B),296948.0,296948.0,1,"직접수행(5대강 치수시설), 보조(5대강 친수시설, 83개 국가하천 치수시설․친수시설), 민간위탁(16개 다기능보 및 아라천)","직접수행(7개 유역·지방환경청), 보조(17개 광역시·도), 민간위탁(한 국수자원공사)"
302,국립생태원 출연,기후에너지환경부,기후에너지환경부,환경,자연환경,자연생태 보전,환경개선 특별회계,출연,76928.0,769.28,정부안,확정(B),76928.0,76928.0,1,출연(수지차),국립생태원
303,극한지스마트광역탐사를위한 로봇-ICT융합기술개발(R&D),기후에너지환경부,기후에너지환경부,교통 및 물류,물류 등 기타,탄소중립기반구축,기후대응기금,출연,3500.0,35.0,정부안,확정(B),3500.0,3500.0,1,출연,해양수산부(전문기관: 해양수산과학기술진흥원)
304,기후변화 적응 수재해 관리 기술개발사업(R&D),기후에너지환경부,기후에너지환경부,환경,물환경,맑은물 공급·이용,환경개선 특별회계,출연,29897.0,298.97,정부안,확정(B),29897.0,29897.0,1,출연,환경부(한국환경산업기술원)
305,기후변화 적응을 위한 생태계 복원 및 관리 기술개발사업,기후에너지환경부,기후에너지환경부,환경,자연환경,자연생태 보전,환경개선 특별회계,출연,5900.0,59.0,정부안,확정(B),5900.0,5900.0,1,출연,환경부(한국환경산업기술원 대행)
306,대기오염측정망 구축·운영,기후에너지환경부,기후에너지환경부,환경,기후대기 및 환경안전,대기환경보전,환경개선 특별회계,"직접, 보조",48182.0,481.82,정부안,확정(B),47356.0,48182.0,6,"직접수행, 지자체 보조","기후에너지환경부, 지자체"
307,데이터센터탄소중립을위한 열관리기술개발,기후에너지환경부,기후에너지환경부,산업·중소기업 및 에너지,산업혁신 지원,탄소중립기반구축,기후대응기금,출연,1600.0,16.0,정부안,확정(B),1600.0,1600.0,1,출연,한국산업기술기획평가원
308,디지털 담수화 플랜트 농축수 자원화 기술개발사업(R&D),기후에너지환경부,기후에너지환경부,환경,물환경,맑은물 공급·이용,환경개선 특별회계,출연,7800.0,78.0,정부안,확정(B),7800.0,7800.0,2,출연,환경부(한국환경산업기술원 대행)
309,무탄소에너지핵심기술개발,기후에너지환경부,기후에너지환경부,과학기술,과학기술 연구개발,탄소중립기반구축,기후대응기금,출연,70052.0,700.52,정부안,확정(B),68827.0,70052.0,3,출연,산·학·연 등
310,물산업정책 및 국제협력,기후에너지환경부,기후에너지환경부,국토 및 지역개발,수자원,수자원정책 및 홍수관리,일반회계,"직접, 보조",7919.0,79.19,정부안,확정(B),6919.0,7919.0,1,"직접수행, 보조, 국제부담금 등","환경부, 유네스코 물안보센터, 아시아물위원회 등"
311,미래변화 대응 수자원 안정성 확보 기술개발사업(R&D),기후에너지환경부,기후에너지환경부,교통 및 물류,물류 등 기타,수자원정책 및 홍수관리,일반회계,출연,22380.0,223.8,정부안,확정(B),22380.0,22380.0,1,출연,환경부(한국환경산업기술원 대행)
312,블록체인 기반 살생물제 정보 지능형 공정관리기술 개발 사업(R&D),기후에너지환경부,기후에너지환경부,환경,기후대기 및 환경안전,화학물질 안전관리,환경개선 특별회계,출연,7000.0,70.0,정부안,확정(B),7000.0,7000.0,1,출연,기후에너지환경부(한국환경산업기술원 대행)
313,사업장 미세먼지 관리사업,기후에너지환경부,기후에너지환경부,환경,기후대기 및 환경안전,대기환경보전,환경개선 특별회계,"직접, 보조",64078.0,640.78,정부안,확정(B),64078.0,64078.0,3,"직접수행, 자치단체 보조 등","기후에너지환경부(유역·지방환경청, 국립환경과학원), 지방자치단체"
314,상수도정보화시스템 구축(정보화),기후에너지환경부,기후에너지환경부,환경,물환경,맑은물 공급·이용,환경개선 특별회계,직접,2215.0,22.15,정부안,확정(B),2515.0,2215.0,3,직접수행(역무대행),환경부
315,생물다양성 보전 및 관리,기후에너지환경부,기후에너지환경부,환경,자연,자연생태 보전,환경개선 특별회계,"직접, 보조",3321.0,33.21,정부안,확정(B),3392.0,3321.0,3,"직접수행, 보조, 융자, 출연, 출자 등",사업 시행 기관명 적시
316,세라믹분야 스마트그린 제조혁신 지원사업(R&D),기후에너지환경부,기후에너지환경부,산업·중소기업 및 에너지,산업혁신 지원,탄소중립기반구축,기후대응기금,출연,2052.0,20.52,정부안,확정(B),2052.0,2052.0,1,출연,한국산업기술기획평가원
317,수문조사시설 설치 및 개선,기후에너지환경부,기후에너지환경부,국토 및 지역개발,수자원,수자원정책 및 홍수관리,일반회계,직접,97350.0,973.5,정부안,확정(B),97350.0,97350.0,1,직접수행,"기후에너지환경부(4개 홍수통제소), 한국수자원공사"
318,수열에너지 활용기술 및 에너지 믹스 기술개발(R&D),기후에너지환경부,기후에너지환경부,환경,기후대기 및 환경안전,탄소중립기반구축,기후대응기금,출연,7500.0,75.0,정부안,확정(B),7500.0,7500.0,1,출연(총사업비의 50~75%),기후부(한국환경산업기술원 대행)
319,수용가 전기설비 원격점검 및 디지털 안전기술개발(R&D),기후에너지환경부,기후에너지환경부,산업·중소기업 및 에너지,에너지 및 자원개발,에너지기술개발,에너지및자원 사업특별회계,출연,4000.0,40.0,정부안,확정(B),4000.0,4000.0,1,"출연(Matching Fund, 연구수행형태에 따라 33~100% 정부지원)",한국에너지기술평가원
320,장거리 고압수소 배관망 고안전성 확보 및 AI기반 안전관리 기술개발,기후에너지환경부,기후에너지환경부,산업·중소기업 및 에너지,에너지 및 자원개발,에너지기술개발,에너지및자원 사업특별회계,출연,4000.0,40.0,정부안,확정(B),4000.0,4000.0,1,"출연(Matching Fund, 연구수행형태에 따라 33~100% 정부지원)",한국에너지기술평가원
321,전력망물리기반AI 모델개발및실증(R&D),기후에너지환경부,기후에너지환경부,산업·중소기업 및 에너지,에너지 및 자원개발,재생에너지 및 에너지신산업활성화,일반회계,미상,4000.0,40.0,정부안,확정(B),4000.0,4000.0,1,출연,한국에너지기술평가원
322,차세대 해양·극지의 환경 및 생태계에 관한 기후예측시스템 개발(R&D),기후에너지환경부,기후에너지환경부,교통 및 물류,물류 등 기타,탄소중립기반구축,기후대응기금,출연,4500.0,45.0,정부안,확정(B),4500.0,4500.0,1,출연,해양수산과학기술진흥원
323,폐의류 문제해결 플래그십 재활용 기술개발사업,기후에너지환경부,기후에너지환경부,환경,자원순환 및 환경경제,친환경경제사회 활성화,환경개선 특별회계,출연,3500.0,35.0,정부안,확정(B),3500.0,3500.0,1,출연,"기후에너지환경부, 한국환경산업기술원"
324,환경보건 빅데이터 구축 및 AI 활용 고도화 기술개발사업(R&D),기후에너지환경부,기후에너지환경부,환경,기후대기 및 환경안전,환경보건관리,환경개선 특별회계,출연,6700.0,67.0,정부안,확정(B),6700.0,6700.0,1,출연,한국환경산업기술원
325,환경정보 융합빅데이터 플랫폼 구축(정보화),기후에너지환경부,기후에너지환경부,환경,환경일반,환경행정 지원,환경개선 특별회계,직접,1838.0,18.38,정부안,확정(B),1838.0,1838.0,1,직접수행,기후에너지환경부
326,환경정보화기반구축(정보화),기후에너지환경부,기후에너지환경부,환경,환경일반,환경행정 지원,환경개선 특별회계,직접,2923.0,29.23,정부안,확정(B),3103.0,2923.0,2,직접수행,환경부
327,환경행정정보서비스 구축(정보화),기후에너지환경부,기후에너지환경부,환경,환경일반,환경행정 지원,환경개선 특별회계,직접,4788.0,47.88,정부안,확정(B),5487.0,4788.0,5,직접수행,기후에너지환경부
328,A I 응용제품 신속 상용화 지원사업(농업),농림축산식품부,농림축산식품부,농림수산,농업·농촌,농업신산업육성,농어촌구조 개선특별회계,보조,40000.0,400.0,요구안,본예산(B),67500.0,40000.0,1,민간경상보조,한국농업기술진흥원
329,AX기반지능형농작업협업 산업화기술개발(R&D),농림축산식품부,농림축산식품부,농림수산,농업·농촌,농업신산업육성,농어촌구조 개선특별회계,출연,6975.0,69.75,요구안,본예산(B),6975.0,6975.0,1,"출연 100%(대기업 50%, 중견기업 30%, 중소기업 25% 이상 매칭)",농림식품기술기획평가원
330,K-수직농장세계화프로젝트(R&D),농림축산식품부,농림축산식품부,농림수산,농업·농촌,농업신산업육성,농어촌구조 개선특별회계,출연,8200.0,82.0,요구안,본예산(B),8200.0,8200.0,1,"출연 100%(대기업 50%, 중견기업 30%, 중소기업 25% 이상 매칭)",농림식품기술기획평가원
331,검역본부정보화(정보화),농림축산식품부,농림축산식품부,농림수산,농업·농촌,농림축산검역검사,일반회계,직접,14843.0,148.43,요구안,본예산(B),15609.0,14843.0,1,직접수행,농림축산검역본부
332,고부가가치식품기술개발(R&D),농림축산식품부,농림축산식품부,농림수산,식품업,식품외식산업육성,농어촌구조 개선특별회계,출연,38887.0,388.87,요구안,본예산(B),38887.0,38887.0,1,"출연 100%(대기업 50%, 중견기업 30%, 중소기업 25% 이상 매칭)",농림식품기술기획평가원
333,국가농업AX플랫폼,농림축산식품부,농림축산식품부,농림수산,농업·농촌,농업신산업육성,일반회계,"출자, 보조",70500.0,705.0,요구안,본예산(B),70500.0,70500.0,1,"출자, 보조","한국농어촌공사, 한국농어촌공사 경유출자 등을 통해 설립된 SPC"
334,농업농촌국민체감AX전환 기술개발(R&D),농림축산식품부,농림축산식품부,농림수산,농업·농촌,농업신산업육성,지역균형발전 특별회계,출연,1575.0,15.75,요구안,본예산(B),1575.0,1575.0,1,"출연 80%, 지방비 20% (대기업 50%, 중견기업 30%, 중소기업 25% 이상 매칭)",농림식품기술기획평가원
335,반려동물난치성질환극복 기술개발(R&D),농림축산식품부,농림축산식품부,농림수산,농업·농촌,농업신산업육성,농어촌구조 개선특별회계,출연,2775.0,27.75,요구안,본예산(B),2775.0,2775.0,1,"출연 100%(대기업 50%, 중견기업 30%, 중소기업 25% 이상 매칭)",농림식품기술기획평가원
336,스마트팜다부처패키지 혁신기술개발(R&D),농림축산식품부,농림축산식품부,농림수산,농업·농촌,농업신산업육성,농어촌구조 개선특별회계,출연,17808.0,178.08,본예산(B),증감 (B-A),17808.0,1172.0,1,"출연 100%(대기업 50%, 중견기업 30%, 중소기업 25% 이상 매칭)","농림식품기술기획평가원, (재)스마트팜연구개발사업단"
337,AI기반작물모니터링및진단 플랫폼개발(R&D),농촌진흥청,농촌진흥청,농림수산,농업·농촌,농업기초기반 및 실용화 기술개발,일반회계,직접,7800.0,78.0,조정(B),증감 (B-A),7800.0,7800.0,1,직접수행,농촌진흥청 연구정책국
338,국경 이동성 해충의 국제 발생 예측 및 방제기술 개발(R&D),농촌진흥청,농촌진흥청,농림수산,농업·농촌,농업기초기반 및 실용화 기술개발,일반회계,직접,2000.0,20.0,조정(B),증감 (B-A),2000.0,2000.0,1,직접수행,농촌진흥청 기술협력국
339,농업기술정보화(정보화),농촌진흥청,농촌진흥청,농림수산,농업·농촌,농가경영능력 향상,일반회계,미상,6823.0,68.23,조정(B),증감 (B-A),6823.0,-450.0,1,직접수행,농촌진흥청
340,농작업안전관리기술및웨어러 블편이장비개발(R&D),농촌진흥청,농촌진흥청,농림수산,농업·농촌,농업기초기반 및 실용화 기술개발,일반회계,직접,3000.0,30.0,조정(B),증감 (B-A),3000.0,3000.0,1,직접수행,농촌진흥청 연구정책국
341,데이터기반농업관측을위한 위성영상활용기술개발(R&D),농촌진흥청,농촌진흥청,농림수산,농업·농촌,농업기초기반 및 실용화 기술개발,일반회계,직접,1770.0,17.7,조정(B),증감 (B-A),1770.0,1770.0,1,직접수행,농촌진흥청 연구정책국
342,스마트팜다부처패키지 혁신기술개발(R&D),농촌진흥청,농촌진흥청,농림수산,농업·농촌,농업기초기반 및 실용화 기술개발,일반회계,출연,18708.0,187.08,조정(B),증감 (B-A),18708.0,528.0,1,"출연 100%(대기업 50%, 중견기업 30%, 중소기업 25% 이상 매칭)","농림식품기술기획평가원, (재)스마트팜연구개발사업단"
343,지능형농업로봇핵심기반기술 개발(R&D),농촌진흥청,농촌진흥청,농림수산,농업·농촌,농업기초기반 및 실용화 기술개발,일반회계,직접,2950.0,29.5,조정(B),증감 (B-A),2950.0,2950.0,1,직접수행,농촌진흥청 연구정책국
344,특용작물유래천연활성바이오 소재생산및활용기술개발(R&D),농촌진흥청,농촌진흥청,농림수산,농업·농촌,농업기초기반 및 실용화 기술개발,일반회계,직접,7500.0,75.0,조정(B),증감 (B-A) (B-A)/A,7500.0,7500.0,1,직접수행,농촌진흥청 연구정책국
345,등기업무전산화,대법원,대법원,공공질서 및 안전,법원 및 헌재,사법정보화운영,등기특별회계,직접,30951.0,309.51,요구,조정(B),34674.0,30951.0,1,직접수행,대법원
346,사법업무전산화(정보화),대법원,대법원,공공질서 및 안전,법원 및 헌재,사법정보화운영,일반회계,직접,82846.0,828.46,조정(B),증감 (B-A),82846.0,10106.0,1,직접수행,대법원
347,4차산업혁명대비국어빅데이터구축,문화체육관광부,문화체육관광부,문화 및 관광,문화예술,국립국어원 운영,일반회계,직접,13400.0,134.0,요구안,본예산(B),13400.0,13400.0,1,직접수행,국립국어원
348,AI 기반 관광 혁신 연구개발(R&D),문화체육관광부,문화체육관광부,문화 및 관광,관광,국내관광 활성화,관광진흥개발기금,출연,3750.0,37.5,요구안,본예산(B),3750.0,3750.0,1,출연,한국콘텐츠진흥원
349,개인운동기록 활용 기술 개발(R&D),문화체육관광부,문화체육관광부,문화 및 관광,체육,스포츠산업 육성,국민체육진흥기금,출연,5725.0,57.25,요구안,본예산(B),5725.0,5725.0,1,출연,한국콘텐츠진흥원
350,국학진흥 정책기반 조성,문화체육관광부,문화체육관광부,문화 및 관광,문화예술,창의적문화정책구현,일반회계,보조,11702.0,117.02,요구안,본예산(B),11531.0,11702.0,3,보조(민간경상보조),"한국국학진흥원, 한국학호남진흥원, 한국유교문화진흥원, 율곡국학진 흥원, 퇴계학진흥회 등"
351,문화공간 AX 전환을 위한 차세대 Culture Tech개발(R&D),문화체육관광부,문화체육관광부,문화 및 관광,문화예술,콘텐츠산업 육성,일반회계,출연,5200.0,52.0,요구안,본예산(B),5200.0,5200.0,1,출연,한국콘텐츠진흥원
352,문화기술 전문인력양성사업(R&D),문화체육관광부,문화체육관광부,문화 및 관광,문화예술,콘텐츠산업 육성,일반회계,출연,6900.0,69.0,요구안,본예산(B),7050.0,6900.0,1,출연,한국콘텐츠진흥원
353,문화예술 온톨로지 기반 LLM연계 기술개발(R&D),문화체육관광부,문화체육관광부,문화 및 관광,문화예술,콘텐츠산업 육성,일반회계,출연,1750.0,17.5,요구안,본예산(B),1750.0,1750.0,1,출연,한국콘텐츠진흥원
354,신기술 융합콘텐츠산업 육성,문화체육관광부,문화체육관광부,문화 및 관광,문화예술,콘텐츠산업 육성,일반회계,"직접, 보조",43766.0,437.66,요구안,본예산(B),43300.0,43766.0,1,"직접수행, 민간경상보조, 자치단체자본보조","한국콘텐츠진흥원, 한국에이아이실감메타버스콘텐츠협회, 지방자치단체"
355,인공지능 기반 공연예술 안전환경 구축 핵심기술 개발(R&D),문화체육관광부,문화체육관광부,문화 및 관광,문화예술,콘텐츠산업 육성,일반회계,출연,6400.0,64.0,요구안,본예산(B),6400.0,6400.0,1,출연,한국콘텐츠진흥원
356,저작권 및 AI 산업 상생협력 지원,문화체육관광부,문화체육관광부,문화 및 관광,문화예술,건강한 저작권 생태계 조성,일반회계,"직접, 보조",2000.0,20.0,요구안,본예산(B),3500.0,2000.0,1,"직접수행, 민간경상보조","문화체육관광부, 한국저작권위원회, 한국문화정보원"
357,저작권 보호활동 활성화,문화체육관광부,문화체육관광부,문화 및 관광,문화예술,건강한 저작권 생태계 조성,일반회계,"직접, 보조",28882.0,288.82,요구안,본예산(B),28882.0,28882.0,4,"직접수행, 민간경상보조, 국제부담금","문화체육관광부, 한국저작권위원회, 한국저작권보호원, 국제형사경찰기구"
358,한국문화정보원 운영,문화체육관광부,문화체육관광부,문화 및 관광,문화 및 관광 일반,문화·관광행정지원,일반회계,미상,15266.0,152.66,요구안,본예산(B),15266.0,15266.0,2,민간경상보조,한국문화정보원
359,디지털미디어이노베이션 기술개발(R&D),방송미디어통신위원회,방송미디어통신위원회,문화 및 관광,문화예술,콘텐츠방송산업육성,일반회계,출연,9767.0,97.67,요구안,본예산(B),9767.0,9767.0,1,출연,정보통신기획평가원
360,방송콘텐츠 진흥,방송미디어통신위원회,방송미디어통신위원회,문화 및 관광,문화예술,콘텐츠방송산업육성,방송통신 발전기금,보조,16792.0,167.92,요구안,본예산(B),16792.0,16792.0,4,민간경상보조,"한국방송통신전파진흥원(KCA), 한국전파진흥협회(RAPA)"
361,안전한 AI활용 기반조성,방송미디어통신위원회,방송미디어통신위원회,통신,방송통신,안전한 인터넷 활용기반 구축(KCC),방송통신 발전기금,보조,278.0,2.78,요구안,본예산(B),278.0,278.0,1,민간경상보조(보조율 100%),한국정보통신진흥협회
362,지능정보사회 이용자 보호 환경조성,방송미디어통신위원회,방송미디어통신위원회,통신,방송통신,안전한 인터넷 활용기반 구축(KCC),방송통신 발전기금,보조,1141.0,11.41,요구안,본예산(B),781.0,1141.0,2,민간경상보조,정보통신정책연구원
363,국방AI선도연구협력(R&D),방위사업청,방위사업청,국방,방위력개선,방위사업정책지원,일반회계,출연,627.0,6.27,요구,조정(B),627.0,627.0,0,,
364,검찰업무정보화(정보화),법무부,법무부,공공질서 및 안전,법무 및 검찰,검찰활동,일반회계,직접,29633.0,296.33,요구,조정(B),33314.0,29633.0,1,직접수행,법무부(대검찰청)
365,법률구조,법무부,법무부,공공질서 및 안전,법무 및 검찰,인권활동,일반회계,미상,66602.0,666.02,요구,조정(B),71759.0,66602.0,2,"직접수행, 보조",법무부·대한법률구조공단·한국가정법률상담소·대한가정법률복지 상담원·대한변협법률구조재단
366,법무행정정보화(정보화),법무부,법무부,공공질서 및 안전,법무 및 검찰,법무및검찰행정지원,일반회계,직접,44554.0,445.54,요구,조정(B),47037.0,44554.0,1,직접수행,법무부
367,재범징후의 선제적 감지 및 대응력 강화(R&D),법무부,법무부,공공질서 및 안전,법무 및 검찰,범죄예방활동,일반회계,출연,3000.0,30.0,요구,조정(B),3000.0,3000.0,1,출연,"(주관) 법무부·과기정통부 공동 추진 → (관리) 한국연구재단 → (참여) 한국전자통신연구원, 한국형사·법무정책연구원 등 4개 기관"
368,첨단범죄및디지털수사(정보화),법무부,법무부,공공질서 및 안전,법무 및 검찰,검찰활동,일반회계,직접,12285.0,122.85,요구,조정(B),12580.0,12285.0,1,직접수행,법무부
369,법제업무정보화추진(정보화),법제처,법제처,일반·지방행정,일반행정,정부입법총괄지원,일반회계,직접,20771.0,207.71,요구안,본예산(B),20517.0,20771.0,1,직접수행,법제처
370,병무행정정보화,병무청,병무청,미상,미상,병무행정지원,일반회계,직접,16005.0,160.05,요구안,본예산(B),16005.0,16005.0,1,직접수행,병무청
371,AI 모델을 활용한 항체 바이오베터 개발 및 실증(R&D),보건복지부,보건복지부,보건,보건의료,보건산업육성,일반회계,출연,13500.0,135.0,요구안,본예산(B),13500.0,13500.0,1,출연(민간 참여 시 Matching),한국보건산업진흥원
372,AI기반 수술로봇 이노베이션랩 구축 및 활용 사업,보건복지부,보건복지부,보건,보건의료,보건산업육성,일반회계,출연,3200.0,32.0,정부안,확정(B),3200.0,3200.0,1,출연(민간 참여시 Matching),한국보건산업진흥원
373,AI응용제품 신속 상용화 지원(보건),보건복지부,보건복지부,보건,보건의료,보건산업육성,일반회계,보조,13000.0,130.0,정부안,확정(B),20000.0,13000.0,1,민간보조,한국보건산업진흥원(전담기관)
374,AI응용제품 신속 상용화 지원(복지),보건복지부,보건복지부,사회복지,사회복지일반,사회복지기반조성,일반회계,보조,20000.0,200.0,요구안,본예산(B),30000.0,20000.0,2,민간경상보조 100%,"한국사회보장정보원, 한국보건산업진흥원, 중앙사회서비스원"
375,K-AI 신약개발 전임상·임상 모델개발(R&D),보건복지부,보건복지부,보건,보건의료,보건산업육성,일반회계,출연,8736.0,87.36,요구안,본예산(B),8736.0,8736.0,1,출연(총 연구비 25% 이상 매칭),"보건복지부, 한국보건산업진흥원, (주관기관 및 참여기관) 산·학·연·병"
376,구조기반 AI신약개발 지원(R&D),보건복지부,보건복지부,보건,보건의료,보건산업육성,일반회계,출연,2400.0,24.0,요구안,본예산(B),2400.0,2400.0,1,출연(민간 참여 시 Matching),한국보건산업진흥원
377,국가통합바이오빅데이터구축(R&D),보건복지부,보건복지부,보건,보건의료,보건산업육성,일반회계,출연,52123.0,521.23,요구안,본예산(B),52123.0,52123.0,1,출연,"(주관부처) 보건복지부 (참여부처) 과학기술정보통신부, 산업통상자원부, 질병관리청 (전문기관) 한국보건산업진흥원 (사 업 단) 국가통합바이오빅데이터구축사업단"
378,다기관-멀티모달 연합학습 기반 의료 인공지능 기술 시범모델 개발,보건복지부,보건복지부,보건,보건의료,보건산업육성,일반회계,출연,9000.0,90.0,요구안,본예산(B),9000.0,9000.0,1,출연(기업 참여 시 Matching),"보건복지부, 한국보건산업진흥원, (주관기관 및 참여기관) 산·학·연·병"
379,바이오헬스산업 육성 지원,보건복지부,보건복지부,보건,보건의료,보건산업육성,일반회계,직접,233770.0,2337.7,요구안,본예산(B),241435.0,233770.0,3,"직접수행, 보조,","한국보건산업진흥원, 국가임상시험지원재단, 대구광역시, 충청북도, 전라북도, 광주광역시, 한국존슨앤드존슨메디칼(주), 대한화장품산업 연구원"
380,발달장애디지털치료제개발(R&D),보건복지부,보건복지부,보건,보건의료,국민건강생활실천,일반회계,직접,9360.0,93.6,요구안,본예산(B),9360.0,9360.0,1,직접수행,"(주관기관) 국립정신건강센터, (참여기관) 대학, 병원, 기관 등"
381,보건의료데이터 상호운용성 지원 기술개발(R&D),보건복지부,보건복지부,보건,보건의료,보건산업육성,일반회계,출연,7600.0,76.0,요구안,본예산(B),7600.0,7600.0,1,출연(기업 참여 시 Matching),"보건복지부, 한국보건산업진흥원, (참여기관) 산‧학‧연‧병"
382,사회보장정보시스템 구축 및 운영(정보화),보건복지부,보건복지부,사회복지,사회복지일반,사회복지기반조성,일반회계,직접,15040.0,150.4,요구안,본예산(B),15040.0,15040.0,1,직접수행,보건복지부
383,응급실 특화 AI 기반 임상지원시스템 개발,보건복지부,보건복지부,보건,보건의료,보건산업육성,일반회계,출연,4800.0,48.0,요구안,본예산(B),4800.0,4800.0,1,출연(기업 참여 시 Matching),"보건복지부, 한국보건산업진흥원, (주관기관 및 참여기관) 산·학·연·병"
384,의료 인공지능 특화 융합인재 양성사업(R&D),보건복지부,보건복지부,보건,보건의료,보건산업육성,일반회계,출연,6000.0,60.0,요구안,본예산(B),6000.0,6000.0,1,출연(기업 참여 시 Matching),"보건복지부, 한국보건산업진흥원, (주관기관 및 참여기관) 산·학·연·병"
385,의료데이터 중심병원 지원사업,보건복지부,보건복지부,보건,보건의료,보건산업육성,일반회계,"직접, 보조",19963.0,199.63,요구안,본예산(B),19963.0,19963.0,1,"직접수행, 보조(민간, 40~100% 매칭)","(주관기관) 보건복지부, (사업수행기관) 한국보건의료정보원 (참여기관) 의료기관, 국립암센터"
386,지역거점AX혁신기술개발,보건복지부,보건복지부,보건,보건의료,보건산업육성,지역균형발전 특별회계,출연,5120.0,51.2,정부안,확정(B),5120.0,5120.0,1,"출연(국비ㆍ지방비 출연, 민간 참여 시 Matching)","한국보건산업진흥원, 대구광역시, (가칭)지역거점 AX기술개발사업단"
387,치매의료기술연구개발사업,보건복지부,보건복지부,보건,보건의료,보건산업육성,일반회계,출연,1650.0,16.5,요구안,본예산(B),1650.0,1650.0,1,출연(기업참여시 Matching),보건복지부(전문기관: 한국보건산업진흥원)
388,치매전주기데이터수집및빅데이 터통합시스템구축사업(R&D),보건복지부,보건복지부,미상,보건복지부,보건산업육성,일반회계,출연,3150.0,31.5,요구안,본예산(B),3150.0,3150.0,1,출연(기업 참여시 매칭),보건복지부(전문기관: 한국보건산업진흥원)
389,한국형 수술질향상 프로젝트(K-NSQIP),보건복지부,보건복지부,보건,보건의료,보건산업육성,국민건강증진기금,출연,6667.0,66.67,요구안,본예산(B),6667.0,6667.0,1,출연,보건복지부(한국보건산업진흥원)
390,한의약산업육성,보건복지부,보건복지부,보건,보건의료,한의약연구및정책개발,일반회계,"직접, 보조",3802.0,38.02,요구안,본예산(B),3802.0,3802.0,4,"직접수행, 지자체보조, 민간보조","보건복지부, 지자체, 민간수행기관(한국한의약진흥원 등)"
391,AI 기반 임도 설계 및 유지관리 최적화 기술개발(R&D),산림청,산림청,농림수산,임업·산촌,산림자원 및 산업육성,일반회계,출연,2500.0,25.0,요구,확정(B),3947.0,2500.0,1,출연(국고 100%),한국임업진흥원(전문기관)
392,고성능 목재수확 기계장비 개발(R&D),산림청,산림청,농림수산,임업·산촌,산림자원 및 산업육성,농어촌구조 개선특별회계,출연,4500.0,45.0,요구,확정(B),4500.0,4500.0,1,출연(국고 100%),한국임업진흥원(전문기관)
393,대형산불 대응 지능형 솔루션 기술개발(R&D),산림청,산림청,농림수산,임업·산촌,산림자원 및 산업육성,일반회계,출연,19316.0,193.16,요구,확정(B),19316.0,19316.0,1,출연(국고 100%),한국임업진흥원(연구관리 전문기관)
394,디지털 기반 산림 우수종자 생산공급 기술개발(R&D),산림청,산림청,농림수산,임업·산촌,산림자원 및 산업육성,농어촌구조 개선특별회계,출연,2198.0,21.98,요구,확정(B),2198.0,2198.0,1,출연(국고 100%),한국임업진흥원(연구관리 전문기관)
395,산림과학연구(R&D),산림청,산림청,농림수산,임업·산촌,산림과학기술개발,일반회계,직접,52124.0,521.24,요구,확정(B),51508.0,52124.0,1,직접수행,국립산림과학원
396,산림분야 그린바이오 미래형 가치사슬 기술개발(R&D),산림청,산림청,농림수산,임업·산촌,산림자원 및 산업육성,일반회계,출연,5747.0,57.47,요구,확정(B),5747.0,5747.0,1,출연(국고 100%),한국임업진흥원(전문기관)
397,산불방지대책,산림청,산림청,농림수산,임업·산촌,산림재난관리,일반회계,"직접, 출연, 보조",85377.0,853.77,요구,확정(B),78250.0,85377.0,1,"직접수행, 보조(40%)","산림청, 지방자치단체"
398,산사태 현장대응 기술개발(R&D),산림청,산림청,농림수산,임업·산촌,산림자원 및 산업육성,일반회계,출연,5926.0,59.26,요구,확정(B),5926.0,5926.0,1,출연(국고 100%),한국임업진흥원(전문기관)
399,스마트 산림재해 대응(정보화),산림청,산림청,농림수산,임업·산촌,산림행정지원,일반회계,직접,3865.0,38.65,요구,확정(B),3865.0,3865.0,1,직접수행,산림청
400,임업현장 맞춤형 푸드테크 기술개발(R&D),산림청,산림청,농림수산,임업·산촌,산림자원 및 산업육성,농어촌구조 개선특별회계,출연,2727.0,27.27,요구,확정(B),2727.0,2727.0,1,출연(국고 100%),한국임업진흥원(전문기관)
401,AI기반표적맞춤형의약품제조 자율랩기술개발사업,산업통상부,산업통상부,산업·중소기업 및 에너지,산업혁신 지원,신산업진흥,일반회계,출연,8800.0,88.0,요구안,확정(B),8800.0,8800.0,1,출연,한국산업기술기획평가원
402,AI응용제품신속상용화지원사업,산업통상부,산업통상부,산업·중소기업 및 에너지,산업혁신 지원,산업경쟁력기반구축,일반회계,출연,130000.0,1300.0,요구안,확정(B),157500.0,130000.0,1,출연,한국산업기술기획평가원
403,AI자율제조SDM플랫폼기술개발 (R&D),산업통상부,산업통상부,산업·중소기업 및 에너지,산업혁신 지원,주력산업진흥,일반회계,출연,7500.0,75.0,요구안,확정(B),10000.0,7500.0,1,출연,한국산업기술기획평가원
404,AX실증밸리조성기술개발,산업통상부,산업통상부,산업·중소기업 및 에너지,산업혁신 지원,주력산업진흥,지역균형발전 특별회계,출연,2110.0,21.1,요구안,확정(B),31400.0,2110.0,1,출연,한국산업기술기획평가원
405,K-온디바이스AI반도체 기술개발(R&D),산업통상부,산업통상부,산업·중소기업 및 에너지,산업혁신 지원,주력산업진흥,일반회계,출연,166554.0,1665.54,요구안,확정(B),185060.0,166554.0,1,출연,한국산업기술기획평가원
406,K-치안수요기반피지컬AI조 명핵심기술개발및실증,산업통상부,산업통상부,산업·중소기업 및 에너지,산업혁신 지원,주력산업진흥,일반회계,출연,5000.0,50.0,요구안,확정(B),5000.0,5000.0,1,출연,한국산업기술기획평가원
407,No-Code 제조기술 혁신 생태계 구축,산업통상부,산업통상부,산업·중소기업 및 에너지,산업혁신 지원,산업경쟁력기반구축,일반회계,출연,3000.0,30.0,요구안,확정(B),3000.0,3000.0,1,출연,한국산업기술진흥원
408,PIM인공지능반도체핵심기술 개발(R&D),산업통상부,산업통상부,산업·중소기업 및 에너지,산업혁신 지원,주력산업진흥,일반회계,출연,7800.0,78.0,요구안,확정(B),7800.0,7800.0,1,출연,한국산업기술기획평가원
409,SDV용AI가속기반도체 기술개발(R&D),산업통상부,산업통상부,산업·중소기업 및 에너지,산업혁신 지원,주력산업진흥,일반회계,출연,6188.0,61.88,요구안,확정(B),6188.0,6188.0,1,출연,한국산업기술기획평가원
410,가전산업AX전환을위한AI핵심 모듈및혁신제품화기술개발,산업통상부,산업통상부,산업·중소기업 및 에너지,산업혁신 지원,산업경쟁력기반구축,일반회계,출연,4000.0,40.0,요구안,확정(B),4000.0,4000.0,1,출연(사업수행자별 유형에 따라 출연금 매칭),한국산업기술기획평가원
411,국가로봇테스트필드사업(R&D),산업통상부,산업통상부,산업·중소기업 및 에너지,산업혁신 지원,주력산업진흥,일반회계,출연,57655.0,576.55,요구안,확정(B),57655.0,57655.0,1,출연,한국산업기술기획평가원
412,국가통합바이오빅데이터구축 사업(R&D),산업통상부,산업통상부,산업·중소기업 및 에너지,산업혁신 지원,신산업진흥,일반회계,출연,16622.0,166.22,요구안,확정(B),16622.0,16622.0,1,출연,"(주관부처) 보건복지부 (참여부처) 과학기술정보통신부, 산업통상부, 질병관리청 (전문기관) 한국보건산업진흥원 (사 업 단) 국가통합바이오빅데이터구축사업단"
413,기계장비산업기술개발(R&D),산업통상부,산업통상부,산업·중소기업 및 에너지,산업혁신 지원,소재부품장비경쟁력강화,소재부품장비 경쟁력강화 특별회계,출연,219989.0,2199.89,요구안,확정(B),219989.0,219989.0,1,출연,한국산업기술기획평가원(전문기관)
414,대한무역투자진흥공사,산업통상부,산업통상부,산업·중소기업 및 에너지,무역 및 투자유치,무역진흥,일반회계,미상,341429.0,3414.29,요구안,확정(B),340129.0,341429.0,1,보조,대한무역투자진흥공사
415,로봇산업기술개발(R&D),산업통상부,산업통상부,산업·중소기업 및 에너지,산업혁신 지원,주력산업진흥,일반회계,출연,173529.0,1735.29,요구안,확정(B),193709.0,173529.0,1,출연,한국산업기술기획평가원
416,멀티오믹스기반난치암맞춤형 진단치료상용화기술개발(R&D),산업통상부,산업통상부,산업·중소기업 및 에너지,산업혁신 지원,신산업진흥,일반회계,출연,5900.0,59.0,요구안,확정(B),5900.0,5900.0,1,출연,한국산업기술기획평가원
417,미래이차전지원료소재실증 플랫폼기반구축,산업통상부,산업통상부,산업·중소기업 및 에너지,산업혁신 지원,산업경쟁력기반구축,일반회계,출연,2280.0,22.8,요구안,확정(B),2280.0,2280.0,1,출연,한국산업기술진흥원
418,민관공동투자반도체고급인력 양성(R&D),산업통상부,산업통상부,산업·중소기업 및 에너지,산업혁신 지원,산업경쟁력기반구축,일반회계,출연,17332.0,173.32,요구안,확정(B),17332.0,17332.0,1,출연,한국산업기술기획평가원
419,민군기술협력(R&D)(산업부),산업통상부,산업통상부,산업·중소기업 및 에너지,산업혁신 지원,산업경쟁력기반구축,일반회계,출연,18973.0,189.73,요구안,확정(B),21303.0,18973.0,1,"출연, 민간 Matching ※ 대기업 총연구비 50% 이내, 중견기업 70% 이내, 중소기업 75% 이내","산업부, 방사청, 국방부, 과기부 등 15개 부처 ※ 법적 전담기구 : 국방과학연구소 민군협력진흥원"
420,바이오산업개방형 생태계조성촉진,산업통상부,산업통상부,산업·중소기업 및 에너지,산업혁신 지원,신산업진흥,일반회계,"출연, 보조",55627.0,556.27,요구안,확정(B),42747.0,55627.0,1,"보조(민간), 출연","한국산업기술진흥원, 한국산업기술시험원"
421,반도체첨단패키징선도기술개발사업(R&D),산업통상부,산업통상부,산업·중소기업 및 에너지,산업혁신 지원,주력산업진흥,일반회계,출연,39188.0,391.88,요구안,확정(B),39188.0,39188.0,1,출연,한국산업기술기획평가원
422,범부처감염병방역체계고도화 R&D사업(R&D),산업통상부,산업통상부,산업·중소기업 및 에너지,산업혁신 지원,신산업진흥,일반회계,출연,1000.0,10.0,요구안,확정(B),1000.0,1000.0,1,출연(기업 참여 시 Matching),한국보건산업진흥원((재)범부처방역연계감염병연구개발재단)
423,뿌리산업경쟁력강화지원,산업통상부,산업통상부,산업·중소기업 및 에너지,산업혁신 지원,주력산업진흥,일반회계,출연,9749.0,97.49,요구안,확정(B),9749.0,9749.0,1,출연,국가뿌리산업진흥센터(한국생산기술연구원)
424,뿌리산업 혁신공정장비 개발,산업통상부,산업통상부,산업·중소기업 및 에너지,산업혁신 지원,주력산업진흥,일반회계,출연,6200.0,62.0,요구안,확정(B),6200.0,6200.0,1,출연(총사업비의 100% 이내 정부매칭),한국산업기술기획평가원
425,산업AI솔루션실증·확산지원,산업통상부,산업통상부,산업·중소기업 및 에너지,산업혁신 지원,산업경쟁력기반구축,일반회계,출연,12800.0,128.0,요구안,확정(B),12800.0,12800.0,1,출연(총사업비의 50% 이하),한국산업기술진흥원
426,산업AI용데이터전처리자동화 기술개발(R&D),산업통상부,산업통상부,산업·중소기업 및 에너지,산업혁신 지원,산업경쟁력기반구축,일반회계,출연,6325.0,63.25,요구안,확정(B),6325.0,6325.0,1,출연(총사업비의 67% 이하(중소기업 기준)),한국산업기술진흥원
427,산업기술국제협력(R&D),산업통상부,산업통상부,산업·중소기업 및 에너지,산업혁신 지원,산업경쟁력기반구축,일반회계,출연,232178.0,2321.78,요구안,확정(B),230678.0,232178.0,2,출연,한국산업기술진흥원
428,산업단지환경조성,산업통상부,산업통상부,산업·중소기업 및 에너지,산업혁신 지원,지역경제활성화,지역균형발전 특별회계,출연,409920.0,4099.2,요구안,확정(B),407340.0,409920.0,2,"민간위탁, 출연","한국산업단지공단, 직접수행, 지방자치단체"
429,산업용무기·유기화합물제형물성 예측AI파운데이션모델개발(R&D),산업통상부,산업통상부,산업·중소기업 및 에너지,산업혁신 지원,산업경쟁력기반구축,일반회계,출연,15000.0,150.0,요구안,확정(B),15000.0,15000.0,1,출연,한국산업기술기획평가원
430,산업혁신기반구축(R&D),산업통상부,산업통상부,산업·중소기업 및 에너지,산업혁신 지원,산업경쟁력기반구축,일반회계,출연,268484.0,2684.84,요구안,확정(B),258501.0,268484.0,1,출연,"(전문기관) 한국산업기술진흥원 (수행기관) 연구기관, 대학, 협회, 단체 등 비영리법인"
431,산업혁신인재성장지원(R&D),산업통상부,산업통상부,산업·중소기업 및 에너지,산업혁신 지원,산업경쟁력기반구축,일반회계,출연,201395.0,2013.95,요구안,확정(B),201395.0,201395.0,1,출연(민간 매칭),"대학, 연구소, 협회·단체 등 비영리기관"
432,산업현장문제해결형산업AI 에이전트기술개발(R&D),산업통상부,산업통상부,산업·중소기업 및 에너지,산업혁신 지원,산업경쟁력기반구축,일반회계,출연,6000.0,60.0,요구안,확정(B),6000.0,6000.0,1,출연(총사업비의 67% 이하(중소기업 기준)),한국산업기술진흥원
433,섬유패션산업활성화기반마련,산업통상부,산업통상부,산업·중소기업 및 에너지,산업혁신 지원,주력산업진흥,일반회계,"직접, 보조",23408.0,234.08,요구안,확정(B),22008.0,23408.0,1,"직접수행, 보조","한국산업기술진흥원, 한국섬유산업연합회"
434,세포및유전자치료제제조공정 고도화기술개발,산업통상부,산업통상부,산업·중소기업 및 에너지,산업혁신 지원,신산업진흥,일반회계,출연,6400.0,64.0,요구안,확정(B),6400.0,6400.0,1,출연,한국산업기술기획평가원
435,소재부품산업 기술개발기반구축(R&D),산업통상부,산업통상부,산업·중소기업 및 에너지,산업혁신 지원,소재부품장비경쟁력강화,소재부품장비 경쟁력강화 특별회계,출연,200457.0,2004.57,요구안,확정(B),196457.0,200457.0,1,출연,"한국산업기술진흥원, 한국산업기술기획평가원"
436,열공정특화제조AI파운데이션 모델개발(R&D),산업통상부,산업통상부,산업·중소기업 및 에너지,산업혁신 지원,산업경쟁력기반구축,일반회계,출연,12000.0,120.0,요구안,확정(B),12000.0,12000.0,1,출연,"(주관부처) 산업통상부, (주관기관) 한국산업단지공단"
437,의료데이터합성기술및의료인공지능 기술기반디지털의료제품개발(R&D),산업통상부,산업통상부,산업·중소기업 및 에너지,산업혁신 지원,신산업진흥,일반회계,출연,3750.0,37.5,요구안,확정(B),3750.0,3750.0,1,출연,한국산업기술기획평가원
438,자동차산업기술개발(R&D),산업통상부,산업통상부,산업·중소기업 및 에너지,산업혁신 지원,주력산업진흥,일반회계,출연,339711.0,3397.11,요구안,확정(B),337751.0,339711.0,2,출연(총사업비의 100% 이내 정부매칭),"한국산업기술기획평가원, 한국산업기술진흥원"
439,자원안보를 위한 고부가가치 한국형 텅스텐 전주기 기술 개발 및 실증,산업통상부,산업통상부,산업·중소기업 및 에너지,에너지 및 자원개발,에너지기술개발,에너지및자원 사업특별회계,출연,4000.0,40.0,요구안,확정(B),-4000.0,4000.0,1,출연(33~100% 정부 지원),산ㆍ학ㆍ연
440,자율형소프트로봇핵심기술국제 공동연구(R&D),산업통상부,산업통상부,산업·중소기업 및 에너지,산업혁신 지원,주력산업진흥,일반회계,출연,2520.0,25.2,요구안,확정(B),2520.0,2520.0,1,출연,한국산업기술기획평가원
441,제조AI데이터벨류체인구축(R& D),산업통상부,산업통상부,산업·중소기업 및 에너지,산업혁신 지원,산업경쟁력기반구축,일반회계,출연,1000.0,10.0,요구안,확정(B),4000.0,1000.0,1,출연,한국산업기술기획평가원
442,제조데이터표준·인공지능활용제품 전주기탄소중립지원기술개발(R&D),산업통상부,산업통상부,산업·중소기업 및 에너지,산업혁신 지원,산업경쟁력기반구축,일반회계,출연,7212.0,72.12,요구안,확정(B),7212.0,7212.0,1,출연(총사업비의 67% 이하(중소기업 기준)),한국산업기술진흥원
443,제조특화 초거대 제조AI 서비스 개발 및 실증,산업통상부,산업통상부,산업·중소기업 및 에너지,산업혁신 지원,지역경제활성화,지역균형발전 특별회계,출연,7680.0,76.8,요구안,확정(B),7680.0,7680.0,1,출연,한국산업단지공단
444,조선해양산업기술개발(R&D),산업통상부,산업통상부,산업·중소기업 및 에너지,산업혁신 지원,주력산업진흥,일반회계,출연,194412.0,1944.12,요구안,확정(B),178562.0,194412.0,1,출연,한국산업기술기획평가원
445,지식서비스산업기술개발(R&D),산업통상부,산업통상부,미상,미상,주력산업진흥,일반회계,출연,12550.0,125.5,요구안,확정(B),21950.0,12550.0,1,출연,한국산업기술기획평가원
446,지역거점AX혁신기술개발,산업통상부,산업통상부,산업·중소기업 및 에너지,산업혁신 지원,주력산업진흥,지역균형발전 특별회계,출연,6800.0,68.0,요구안,확정(B),20400.0,6800.0,1,출연,한국산업기술기획평가원
447,지역전략산업기반고도화(R&D),산업통상부,산업통상부,산업·중소기업 및 에너지,산업혁신 지원,지역경제활성화,지역균형발전 특별회계,출연,11000.0,110.0,요구안,확정(B),11000.0,11000.0,1,출연,한국산업기술진흥원
448,철강·금속AX실증센터구축,산업통상부,산업통상부,산업·중소기업 및 에너지,산업혁신 지원,산업경쟁력기반구축,일반회계,출연,2800.0,28.0,요구안,확정(B),2800.0,2800.0,1,출연,한국산업기술진흥원
449,철강산업AI융합실증허브구축사업,산업통상부,산업통상부,산업·중소기업 및 에너지,산업혁신 지원,산업경쟁력기반구축,일반회계,출연,4000.0,40.0,요구안,확정(B),4000.0,4000.0,1,출연,한국산업기술진흥원
450,첨단민군융합기술개발,산업통상부,산업통상부,산업·중소기업 및 에너지,산업혁신 지원,주력산업진흥,일반회계,출연,10287.0,102.87,요구안,확정(B),10287.0,10287.0,1,출연,한국산업기술기획평가원
451,한국형Manufacturing-X플랫 폼표준모델개발및실증(R&D),산업통상부,산업통상부,산업·중소기업 및 에너지,산업혁신 지원,산업경쟁력기반구축,일반회계,출연,5250.0,52.5,요구안,확정(B),5250.0,5250.0,1,출연,한국산업기술진흥원
452,119빅데이터 분석운영,소방청,소방청,공공질서 및 안전,재난관리,소방정책지원,일반회계,직접,1705.0,17.05,2026년 예산(B),(B-A),1705.0,-202.0,1,"직접수행(35.5%), 민간위탁(64.5%)","소방청(119빅데이터 분석 및 운영, 시각화SW 및 GIS엔진 구매) 전문수탁기관(소방안전 빅데이터 플랫폼 운영)"
453,소방정보시스템구축(정보화),소방청,소방청,공공질서 및 안전,재난관리,소방정책지원,일반회계,"직접, 보조",15310.0,153.1,2026년 예산(B),증감 (B-A) (B-A)/A,15310.0,1973.0,1,"직접수행, 보조(국비 40%, 지방비 60%)","소방청, 시 · 도 소방본부"
454,위험물 시설 화재·폭발 사고 예방 및 대응 기술개발(R&D),소방청,소방청,공공질서 및 안전,재난관리,소방정책지원,일반회계,출연,3500.0,35.0,2026년 예산(B),증감 (B-A) (B-A)/A,3500.0,,1,출연,소방청(한국산업기술기획평가원)
455,AI 기반 독성예측 평가기술 개발연구(R&D),식품의약품안전처,식품의약품안전처,보건,식품의약안전,과학적 안전관리 연구 및 허가심사 안전성 제고,일반회계,출연,5916.0,59.16,요구,예산(B),5916.0,5916.0,1,출연,식품의약품안전처(전문기관: 한국보건산업진흥원)
456,AI응용제품 신속 상용화 지원사업(식품·의료기기 등),식품의약품안전처,식품의약품안전처,보건,식품의약안전,식의약품 행정지원,일반회계,보조,15000.0,150.0,요구,예산(B),15000.0,15000.0,2,보조,
457,식의약품 안전정보체계 선진화(정보화),식품의약품안전처,식품의약품안전처,보건,식품의약안전,식의약품 행정지원,일반회계,직접,17739.0,177.39,요구,예산(B),17739.0,17739.0,1,직접수행,식품의약품안전처
458,신기술 적용 식품(푸드테크) 안전기술 지원 (R&D),식품의약품안전처,식품의약품안전처,보건,식품의약안전,과학적 안전관리 연구 및 허가심사 안전성 제고,일반회계,출연,2552.0,25.52,요구,예산(B),2552.0,2552.0,1,출연,식품의약품안전처(전문기관: 한국보건산업진흥원)
459,중독자 데이터 기반 마약 중독 재활기술 개발연구(R&D),식품의약품안전처,식품의약품안전처,보건,식품의약안전,과학적 안전관리 연구 및 허가심사 안전성 제고,일반회계,출연,3755.0,37.55,요구,예산(B),3755.0,3755.0,1,출연,식품의약품안전처(전문기관: 한국보건산업진흥원)
460,컴퓨터모델링 기반 의료기기 평가체계 구축(R&D),식품의약품안전처,식품의약품안전처,보건,식품의약안전,과학적 안전관리 연구 및 허가심사 안전성 제고,일반회계,출연,7592.0,75.92,요구,예산(B),7592.0,7592.0,1,출연,식품의약품안전처(전문기관: 한국보건산업진흥원)
461,외교업무 디지털 혁신,외교부,외교부,외교·통일,외교·통상,외교 행정지원,일반회계,직접,13962.0,139.62,요구안,본예산(B),13962.0,13962.0,3,직접수행,외교부
462,국제 거대전파망원경 건설 사업(R&D),우주항공청,우주항공청,과학기술,과학기술 연구개발,우주과학탐사추진,일반회계,"직접, 출연",6883.0,68.83,정부안,확정(B),6883.0,6883.0,1,"출연, 직접수행",우주항공청
463,우주전파재난 위험분석 및 대응기술 개발(R&D),우주항공청,우주항공청,통신,방송통신,우주항공진흥,일반회계,"직접, 출연",2583.0,25.83,정부안,확정(B),2583.0,2583.0,1,"출연, 직접수행",우주항공청 우주환경센터
464,한국항공우주연구원 연구 운영비 지원(R&D),우주항공청,우주항공청,과학기술,과학기술 연구지원,우주항공진흥,일반회계,출연,114726.0,1147.26,정부안,확정(B),114726.0,114726.0,1,출연,한국항공우주연구원
465,항공AI 안전성 확보를 위한 자율임무 신뢰성 보증기술 개발(R&D),우주항공청,우주항공청,과학기술,과학기술 연구개발,항공혁신임무수행,일반회계,출연,3000.0,30.0,정부안,확정(B),3000.0,3000.0,1,출연(민간 매칭),우주항공청
466,국가 인재개발 지능형 오픈 플랫폼 운영(정보화),인사혁신처,인사혁신처,일반·지방행정,정부자원관리,인재개발,일반회계,직접,1918.0,19.18,확정(B),증감 (B-A) (B-A)/A,1918.0,-70.0,1,직접수행,인사혁신처
467,전자인사관리시스템운영(정보화),인사혁신처,인사혁신처,일반·지방행정,정부자원관리,인사혁신확산,일반회계,직접,7487.0,74.87,확정(B),증감 (B-A) (B-A)/A,7487.0,-5797.0,1,직접수행,인사혁신처
468,조달정보화(정보화),조달청,조달청,일반·지방행정,일반행정,전자조달 및 국유재산 관리,조달특별회계,직접,19859.0,198.59,요구안,확정안(B),18928.0,19859.0,1,직접수행,조달청
469,ICT융합스마트공장보급·확산,중소벤처기업부,중소벤처기업부,산업·중소기업 및 에너지,중소기업 및 소상공인 육성,중소기업기술개발지원,일반회계,"직접, 출연, 보조",402056.0,4020.56,요구안,본예산(B),436556.0,402056.0,3,"보조(스마트공장 수준확인, 제조DX멘토단 활용지원), 출연(선도형 제조혁신, 제조혁신 자동화, 클라우드 종합솔루션, 공급기업 역량진단, 국가표준정책연구, 제조데이터 표준화)","중소기업기술정보진흥원, 한국로봇산업진흥원, 한국생산기술연구원"
470,데이터 인프라구축(정보화),중소벤처기업부,중소벤처기업부,산업·중소기업 및 에너지,중소기업 및 소상공인 육성,중소기업기술개발지원,일반회계,출연,5922.0,59.22,요구안,본예산(B),7400.0,5922.0,1,출연,(전문기관) 중소기업기술정보진흥원 부설 스마트제조혁신추진단
471,스마트 제조혁신 기술개발사업(R&D),중소벤처기업부,중소벤처기업부,산업·중소기업 및 에너지,중소기업 및 소상공인 육성,중소기업기술개발지원,일반회계,출연,23326.0,233.26,요구안,본예산(B),23326.0,23326.0,1,출연,중소기업기술정보진흥원
472,신성장기반자금(융자),중소벤처기업부,중소벤처기업부,산업·중소기업 및 에너지,중소기업 및 소상공인 육성,중소기업성장안정지원,중소벤처기업 창업 및 진흥기금,융자,1081110.0,10811.1,요구안,본예산(B),1111110.0,1081110.0,1,융자,중소벤처기업진흥공단
473,재도약촉진,중소벤처기업부,중소벤처기업부,산업·중소기업 및 에너지,창업 및 벤처,창업환경조성,중소벤처기업 창업 및 진흥기금,"직접, 보조",120731.0,1207.31,요구안,본예산(B),199714.0,120731.0,4,직접수행,중소벤처기업진흥공단
474,중소기업 스마트서비스 지원,중소벤처기업부,중소벤처기업부,산업·중소기업 및 에너지,중소기업 및 소상공인 육성,중소기업기술개발지원,일반회계,출연,10888.0,108.88,요구안,본예산(B),32588.0,10888.0,1,출연,중소기업기술정보진흥원(전담기관)
475,중소기업모태조합출자,중소벤처기업부,중소벤처기업부,산업·중소기업 및 에너지,창업 및 벤처,벤처기업활성화지원,중소벤처기업 창업 및 진흥기금,출자,820000.0,8200.0,요구안,본예산(B),1100000.0,820000.0,1,출자,"(출자) 중소벤처기업진흥공단, (운용) 한국벤처투자"
476,중소벤처행정정보화(정보화),중소벤처기업부,중소벤처기업부,산업·중소기업 및 에너지,산업·중소기업 일반,중소기업행정지원,일반회계,"직접, 출연",13944.0,139.44,요구안,본예산(B),14147.0,13944.0,3,"직접수행, 출연","중소벤처기업부, 중소기업기술정보진흥원"
477,중소제조 특화 Multi AI Agent 개발(R&D),중소벤처기업부,중소벤처기업부,산업·중소기업 및 에너지,중소기업 및 소상공인 육성,중소기업기술개발지원,일반회계,출연,3600.0,36.0,요구안,본예산(B),3600.0,3600.0,1,출연,중소기업기술정보진흥원
478,지역특화 제조데이터 활성화,중소벤처기업부,중소벤처기업부,산업·중소기업 및 에너지,중소기업 및 소상공인 육성,중소기업기술개발지원,일반회계,출연,6000.0,60.0,요구안,본예산(B),40000.0,6000.0,1,출연,중소기업기술정보진흥원
479,창업사업화지원,중소벤처기업부,중소벤처기업부,산업·중소기업 및 에너지,창업 및 벤처,창업환경조성,일반회계,"직접, 출연, 보조",461838.0,4618.38,요구안,본예산(B),491667.0,461838.0,4,"직접수행, 보조, 출연",창업진흥원
480,창업성공패키지,중소벤처기업부,중소벤처기업부,산업·중소기업 및 에너지,창업 및 벤처,창업환경조성,중소벤처기업 창업 및 진흥기금,미상,106431.0,1064.31,요구안,본예산(B),106431.0,106431.0,2,직접수행,중소벤처기업진흥공단
481,창업성장기술개발(R&D),중소벤처기업부,중소벤처기업부,산업·중소기업 및 에너지,중소기업 및 소상공인 육성,중소기업기술개발지원,일반회계,출연,786419.0,7864.19,요구안,본예산(B),786419.0,786419.0,2,출연,중소벤처기업부(전문기관 : 중소기업기술정보진흥원)
482,투·융자연계기술개발(R&D),중소벤처기업부,중소벤처기업부,산업·중소기업 및 에너지,중소기업 및 소상공인 육성,중소기업기술개발지원,일반회계,출연,457041.0,4570.41,요구안,본예산(B),457041.0,457041.0,1,출연,중소벤척기업부(전문기관 : 중소기업기술정보진흥원)
483,표준공정 기반 공정최적화 기술개발(R&D),중소벤처기업부,중소벤처기업부,산업·중소기업 및 에너지,중소기업 및 소상공인 육성,중소기업기술개발지원,일반회계,출연,3000.0,30.0,요구안,본예산(B),3000.0,3000.0,1,출연,중소기업기술정보진흥원
484,혁신창업사업화자금(융자),중소벤처기업부,중소벤처기업부,산업·중소기업 및 에너지,중소기업 및 소상공인 육성,창업환경조성,중소벤처기업 창업 및 진흥기금,융자,1605800.0,16058.0,요구안,본예산(B),1635800.0,1605800.0,1,융자,중소벤처기업진흥공단
485,"지식재산 활용(사업화,거래,평가) 지원",지식재산처,지식재산처,산업·중소기업 및 에너지,지식재산일반,지식재산금융 및 거래시장 활성화,일반회계,"직접, 보조",34698.0,346.98,정부안,최종(B),36698.0,34698.0,3,"직접수행, 보조","지식재산처, 한국발명진흥회, 한국특허전략개발원"
486,공공기관임무중심감염병연구 다부처협력사업(R&D),질병관리청,질병관리청,보건,보건의료,보건의료연구관리,일반회계,출연,1300.0,13.0,정부안,확정(B),2246.0,1300.0,0,출연,"한국보건산업진흥원, 한국연구재단"
487,국가 통합 바이오 빅데이터 구축사업(R&D),질병관리청,질병관리청,보건,보건의료,보건의료연구관리,일반회계,출연,12135.0,121.35,정부안,확정(B),12135.0,12135.0,0,출연,"(주관부처) 보건복지부 (참여부처) 과학기술정보통신부, 산업통상자원부, 질병관리청 (전문기관) 한국보건산업진흥원 (사 업 단) 국가통합바이오빅데이터구축사업단"
488,국가통합바이오빅데이터구축 사업II(R&D),질병관리청,질병관리청,보건,보건의료,보건의료연구관리,일반회계,직접,19949.0,199.49,정부안,확정(B),19949.0,19949.0,0,직접수행,질병관리청
489,헬스케어 이종데이터 활용체계 및 인공지능 개발(R&D),질병관리청,질병관리청,보건,보건의료,보건의료연구관리,일반회계,직접,4622.0,46.22,정부안,확정(B),4622.0,4622.0,0,직접수행,질병관리청 국립보건연구원
490,AI기반해상긴급상황접수 및 대응체계 개발(R&D),해양경찰청,해양경찰청,공공질서 및 안전,해경,해양경찰행정지원,일반회계,출연,1000.0,10.0,요구안,본예산(B),1000.0,1000.0,1,출연,해양경찰청(전문기관 미정)
491,AI기반해양재난대응체계 CDX기술개발(R&D),해양경찰청,해양경찰청,공공질서 및 안전,해경,해양경찰행정지원,일반회계,출연,4800.0,48.0,요구안,본예산(B),4800.0,4800.0,1,출연,해양경찰청(전문기관 : 해양수산과학기술진흥원)
492,차세대디지털VTS국제표준 서비스및장비개발(R&D),해양경찰청,해양경찰청,공공질서 및 안전,해경,해양경찰행정지원,일반회계,출연,3768.0,37.68,요구안,본예산(B),3768.0,3768.0,1,출연,"해양경찰청(전문기관: 해양수산과학기술진흥원, 주관연구기관: 선박 해양플랜트연구소)"
493,해양경찰정보화관리(정보화),해양경찰청,해양경찰청,공공질서 및 안전,해경,해양경찰행정지원,일반회계,직접,29921.0,299.21,요구안,본예산(B),29921.0,29921.0,1,직접수행,해양경찰청
494,해양안전시스템구축관리(정보화),해양경찰청,해양경찰청,공공질서 및 안전,해경,해양경찰행정지원,일반회계,직접,5492.0,54.92,요구안,본예산(B),5492.0,5492.0,0,직접수행,해양경찰청
495,AI기반 스마트 어업관리 시스템 개발(R&D),해양수산부,해양수산부,농림수산,수산·어촌,어업인소득안정지원,농어촌구조 개선특별회계,출연,4996.0,49.96,정부안,확정(B),4996.0,4996.0,1,출연 (기업참여시 Matching),해양수산부 (전문기관 : 해양수산과학기술진흥원)
496,AI 완전자율운항선박 기술개발(R&D),해양수산부,해양수산부,교통 및 물류,물류 등 기타,해양수산연구개발,일반회계,출연,6344.0,63.44,정부안,확정(B),6344.0,6344.0,1,출연,해양수산부(전문기관: 해양수산과학기술진흥원)
497,AI응용제품 신속상용화 지원사업,해양수산부,해양수산부,교통 및 물류,물류 등 기타,해양산업 육성 및 영토관리,일반회계,출연,25000.0,250.0,정부안,확정(B),45000.0,25000.0,1,출연,"해양수산부, 해양수산과학기술진흥원,"
498,고품질준실시간해양그리드 데이터서비스체계개발(R&D),해양수산부,해양수산부,교통 및 물류,물류 등 기타,해양산업 육성 및 영토관리,일반회계,출연,3067.0,30.67,정부안,확정(B),3067.0,3067.0,1,출연,"(전문기관) 해양수산과학기술진흥원, (주관기관) 경북대학교 산학협력단"
499,국제사회 IUU어업 예방을 위한 원양어선 전자 모니터링기술개발(R&D),해양수산부,해양수산부,교통 및 물류,물류 등 기타,해양수산연구개발,일반회계,출연,5400.0,54.0,정부안,확정(B),5400.0,5400.0,1,출연,해양수산부(전문기관: 해양수산과학기술진흥원)
500,극지연구소 운영지원(R&D),해양수산부,해양수산부,과학기술,과학기술 연구지원,출연연구 기관지원,일반회계,미상,80306.0,803.06,정부안,확정(B),80306.0,80306.0,1,출연,극지연구소
501,남극해 급격한 온난화 대응 남극 해빙 예측 기술 개발(R&D),해양수산부,해양수산부,교통 및 물류,물류 등 기타,해양산업 육성 및 영토관리,일반회계,출연,3360.0,33.6,정부안,확정(B),3360.0,3360.0,1,출연,해양수산부(전문기관 : 해양수산과학기술진흥원)
502,머신러닝 기반 해저면 특성 분류 기술개발(R&D),해양수산부,해양수산부,교통 및 물류,물류 등 기타,해양산업 육성 및 영토관리,일반회계,출연,3170.0,31.7,정부안,확정(B),3170.0,3170.0,1,출연(국고지원 100%),해양수산부(전문기관: 해양수산과학기술진흥원)
503,민군경AI기반해양영상융복합 분석기술개발(R&D),해양수산부,해양수산부,교통 및 물류,물류 등 기타,해양산업 육성 및 영토관리,일반회계,출연,3500.0,35.0,정부안,확정(B),3500.0,3500.0,1,출연,해양수산과학기술진흥원
504,생태계 기반 수산정책 지원 기술 개발(R&D),해양수산부,해양수산부,농림수산,수산·어촌,수산연구(국립수산과학원),일반회계,직접,2700.0,27.0,정부안,확정(B),2700.0,2700.0,2,직접수행,국립수산과학원
505,선박해양플랜트연구소 운영지원(R&D),해양수산부,해양수산부,과학기술,과학기술 연구지원,출연연구 기관지원,일반회계,미상,61029.0,610.29,정부안,확정(B),61029.0,61029.0,1,출연,한국해양과학기술원
506,수출입 물류항만-내륙연계 기술개발(R&D),해양수산부,해양수산부,교통 및 물류,물류 등 기타,해양수산연구개발,교통시설 특별회계,출연,3340.0,33.4,정부안,확정(B),3340.0,3340.0,1,출연(기업참여 시 매칭),해양수산부(전문기관: 해양수산과학기술진흥원)
507,순환적응형 연안침식 관리기술개발(R&D),해양수산부,해양수산부,교통 및 물류,물류 등 기타,해양수산연구개발,일반회계,출연,4000.0,40.0,정부안,확정(B),9678.0,4000.0,1,출연,해양수산부(해양수산과학기술진흥원)
508,스마트수산업 응용기술 국산화 및 실증연구(R&D),해양수산부,해양수산부,농림수산,수산·어촌,수산연구(국립수산과학원),미상,직접,5017.0,50.17,정부안,확정(B),5017.0,5017.0,1,직접수행,국립수산과학원
509,아열대 해양환경 적응 시나리오 개발 대응책 및 활용 체계 구축(R&D),해양수산부,해양수산부,교통 및 물류,물류 등 기타,해양산업 육성 및 영토관리,일반회계,출연,2300.0,23.0,정부안,확정(B),2300.0,2300.0,1,출연,해양수산과학기술진흥원
510,양식생물 생물보안체계 구축을 위한 기술 개발(R&D),해양수산부,해양수산부,교통 및 물류,물류 등 기타,해양수산연구개발,일반회계,출연,1600.0,16.0,정부안,확정(B),1600.0,1600.0,1,출연(국고 100%),해양수산부 (전문기관 : 해양수산과학기술진흥원)
511,유수식 디지털양식 혁신기술개발(R&D),해양수산부,해양수산부,농림수산,수산·어촌,어업인소득안정지원,농어촌구조 개선특별회계,출연,9380.0,93.8,정부안,확정(B),9380.0,9380.0,1,출연,해양수산부(전문기관: 해양수산과학기술진흥원)
512,자율주행차 해상 수출입 서비스 기술개발(R&D),해양수산부,해양수산부,교통 및 물류,물류 등 기타,해양수산연구개발,일반회계,출연,1400.0,14.0,정부안,확정(B),1400.0,1400.0,1,출연,해양수산부(전문기관: 해양수산과학기술진흥원)
513,지능형 빅데이터 분석기반 해양환경누적영향평가 및 의사결정 지원기술 개발사업(R&D),해양수산부,해양수산부,교통 및 물류,물류 등 기타,해양수산연구개발,일반회계,출연,2000.0,20.0,정부안,확정(B),2000.0,2000.0,1,출연 (국비 100%),"(주관) 해양수산과학기술진흥원, (참여) 미정"
514,탄소제로 수중데이터센터 표준모델 개발(R&D),해양수산부,해양수산부,교통 및 물류,물류 등 기타,해양수산연구개발,일반회계,출연,6400.0,64.0,정부안,확정(B),6400.0,6400.0,1,출연,"(주관기관) 미정, (참여기관) 미정"
515,한국해양과학기술원 운영지원(R&D),해양수산부,해양수산부,과학기술,과학기술 연구지원,출연연구 기관지원,일반회계,출연,83164.0,831.64,정부안,확정(B),82314.0,83164.0,1,출연,한국해양과학기술원
516,한국형 연안재해 발생요인 예측기술 개발(R&D),해양수산부,해양수산부,교통 및 물류,물류 등 기타,해양수산연구개발,일반회계,출연,10635.0,106.35,정부안,확정(B),10635.0,10635.0,1,출연(국고지원 100%),해양수산부(전문기관: 해양수산과학기술진흥원)
517,해양공간 디지털트윈 적용 및 활용 기술개발(R&D),해양수산부,해양수산부,교통 및 물류,물류 등 기타,해양수산연구개발,일반회계,미상,6000.0,60.0,정부안,확정(B),6000.0,6000.0,1,출연,해양수산부(전문기관: 해양수산과학기술진흥원)
518,해양배터리 특화 데이터 허브 플랫폼 구축 기술 개발,해양수산부,해양수산부,교통 및 물류,물류 등 기타,해양산업 육성 및 영토관리,지역균형발전 특별회계,출연,2000.0,20.0,정부안,확정(B),2000.0,2000.0,1,출연(국고 100%),-
519,해양수산 신산업 육성 및 기업 투자유치 지원,해양수산부,해양수산부,교통 및 물류,물류 등 기타,해양산업 육성 및 영토관리,지역균형발전 특별회계,"직접, 출연, 보조",16185.0,161.85,정부안,확정(B),16185.0,16185.0,4,"직접수행, 출연, 민간위탁, 자치단체자본보조","해양수산부, 해양수산과학기술진흥원, 한국해양수산개발원, 부산시"
520,해양수산융합형전문인력양성 사업(R&D),해양수산부,해양수산부,교통 및 물류,물류 등 기타,해양수산연구개발,일반회계,출연,3700.0,37.0,정부안,확정(B),3700.0,3700.0,2,출연(기업참여 시 총사업비의 3/4이내 정부 매칭),해양수산부(전문기관: 해양수산과학기술진흥원)
521,해양자원탐사를 위한 무인체계 기술개발(R&D),해양수산부,해양수산부,교통 및 물류,물류 등 기타,해양산업 육성 및 영토관리,일반회계,출연,2100.0,21.0,정부안,확정(B),2100.0,2100.0,1,출연,"(전문기관) 해양수산과학기술진흥원, (내역사업 주관) 미정"
522,공공데이터 개방 및 이용활성화 지원(정보화),행정안전부,행정안전부,일반·지방행정,정부자원관리,전자정부,일반회계,"직접, 출연",40662.0,406.62,요구안,본예산(B),40662.0,40662.0,1,"직접수행, 출연, 위탁","행정안전부, 한국지능정보사회진흥원, 한국지역정보개발원"
523,공공부문 AI 서비스 지원,행정안전부,행정안전부,일반·지방행정,정부자원관리,전자정부,일반회계,출연,20608.0,206.08,요구안,본예산(B),20608.0,20608.0,1,출연,한국지능정보사회진흥원
524,과학수사감정지원,행정안전부,행정안전부,공공질서 및 안전,경찰,과학수사,일반회계,직접,12843.0,128.43,요구안,본예산(B),12843.0,12843.0,1,직접수행,행정안전부 국립과학수사연구원
525,데이터기반행정활성화 (정보화),행정안전부,행정안전부,일반·지방행정,정부자원관리,전자정부,일반회계,"직접, 출연",10478.0,104.78,요구안,본예산(B),14506.0,10478.0,1,"직접수행, 출연, 위탁","행정안전부, 한국지능정보사회진흥원, 한국지역정보개발원"
526,드론·SAR및디지털트윈연계 급경사지위험성분석기술개발 (R&D),행정안전부,행정안전부,공공질서 및 안전,재난관리,재난안전기술개발,일반회계,출연,2600.0,26.0,요구안,본예산(B),2600.0,2600.0,1,출연,행정안전부 (한국산업기술기획평가원)
527,범정부 인공지능 공통기반 구현(정보화),행정안전부,행정안전부,일반·지방행정,정부자원관리,전자정부,일반회계,출연,7371.0,73.71,요구안,본예산(B),7958.0,7371.0,1,출연,"행정안전부, 한국지능정보사회진흥원"
528,재난 및 안전관리 연구개발(R&D),행정안전부,행정안전부,공공질서 및 안전,재난관리,재난안전기술개발,일반회계,출연,26766.0,267.66,요구안,본예산(B),26766.0,26766.0,1,출연,행정안전부(한국산업기술기획평가원)
529,재난안전 AI 관제체계 및 데이터 구축(정보화),행정안전부,행정안전부,공공질서 및 안전,재난관리,재난안전정보화,일반회계,직접,12369.0,123.69,요구안,본예산(B),12369.0,12369.0,1,"직접수행, 민간위탁","행정안전부(한국지역정보개발원, NIA 등 전문기관 위탁)"
530,재난안전부처협력기술개발(R&D),행정안전부,행정안전부,공공질서 및 안전,재난관리,재난안전기술개발,일반회계,출연,18925.0,189.25,요구안,본예산(B),18925.0,18925.0,1,출연,"한국산업기술기획평가원, 한국연구재단, (재)범부처방역연계감염병 연구개발재단, 정보통신기획평가원"
531,전자문서소통시스템(정보화),행정안전부,행정안전부,일반·지방행정,정부자원관리,정부혁신조직,일반회계,직접,26152.0,261.52,요구안,본예산(B),28040.0,26152.0,5,"직접수행, 위탁",행정안전부
532,(정보보호인프라확충(정보화)),행정안전부,행정안전부,일반·지방행정,지방행정·재정지원,전자정부,일반회계,"직접, 출연, 보조",19514.0,195.14,요구안,본예산(B),23054.0,19514.0,5,"민간위탁, 출연","(주관기관) 행정안전부 (참여기관) (출연)한국인터넷진흥원, (민간위탁)한국지역정보개발원, (민간위탁)한국조폐공사"
533,행정서비스통합포털운영(정보화),행정안전부,행정안전부,일반·지방행정,정부자원관리,전자정부,일반회계,직접,22524.0,225.24,요구안,본예산B),21780.0,22524.0,1,직접수행,행정안전부
